Thu Aug 29 13:26:00 2013||aeth||None
Thu Aug 29 13:27:04 2013||aeth||[1377808020.0, '"29-aug-13"', '"12:26"', 612.0, 3.3999999999999999, 0.021700000000000001, 1.3154999999999999, 0.021700000000000001, 0.84440000000000004, 1.0, 12.978]||'1377808020,"29-aug-13","12:26",   612,  3.4, 0.0217, 1.3155, 0.0217,  .8444, 1.00,12.978\r\n'
Thu Aug 29 13:28:05 2013||aeth||[1377808080.0, '"29-aug-13"', '"12:27"', 555.0, 3.3999999999999999, 0.021700000000000001, 1.3151999999999999, 0.021700000000000001, 0.84470000000000001, 1.0, 13.041]||'1377808080,"29-aug-13","12:27",   555,  3.4, 0.0217, 1.3152, 0.0217,  .8447, 1.00,13.041\r\n'
Thu Aug 29 13:29:05 2013||aeth||[1377808140.0, '"29-aug-13"', '"12:28"', 1262.0, 3.3999999999999999, 0.021700000000000001, 1.3134999999999999, 0.021700000000000001, 0.84470000000000001, 1.0, 13.183999999999999]||'1377808140,"29-aug-13","12:28",  1262,  3.4, 0.0217, 1.3135, 0.0217,  .8447, 1.00,13.184\r\n'
Thu Aug 29 13:30:06 2013||aeth||[1377808200.0, '"29-aug-13"', '"12:29"', 616.0, 3.3999999999999999, 0.021700000000000001, 1.3117000000000001, 0.021700000000000001, 0.84419999999999995, 1.0, 13.254]||'1377808200,"29-aug-13","12:29",   616,  3.4, 0.0217, 1.3117, 0.0217,  .8442, 1.00,13.254\r\n'
Thu Aug 29 13:31:06 2013||aeth||[1377808260.0, '"29-aug-13"', '"12:30"', 645.0, 3.3999999999999999, 0.021700000000000001, 1.3105, 0.021700000000000001, 0.84399999999999997, 1.0, 13.327]||'1377808260,"29-aug-13","12:30",   645,  3.4, 0.0217, 1.3105, 0.0217,  .8440, 1.00,13.327\r\n'
Thu Aug 29 13:32:06 2013||aeth||[1377808320.0, '"29-aug-13"', '"12:31"', 22029.0, 3.2999999999999998, 0.021700000000000001, 1.2793000000000001, 0.021700000000000001, 0.84419999999999995, 1.0, 15.802]||'1377808320,"29-aug-13","12:31", 22029,  3.3, 0.0217, 1.2793, 0.0217,  .8442, 1.00,15.802\r\n'
Thu Aug 29 13:33:06 2013||aeth||[1377808380.0, '"29-aug-13"', '"12:32"', 10860.0, 3.2999999999999998, 0.021700000000000001, 1.264, 0.021700000000000001, 0.84409999999999996, 1.0, 17.010999999999999]||'1377808380,"29-aug-13","12:32", 10860,  3.3, 0.0217, 1.2640, 0.0217,  .8441, 1.00,17.011\r\n'
Thu Aug 29 13:34:05 2013||aeth||[1377808440.0, '"29-aug-13"', '"12:33"', 4503.0, 3.2999999999999998, 0.021700000000000001, 1.2571000000000001, 0.021700000000000001, 0.84360000000000002, 1.0, 17.512]||'1377808440,"29-aug-13","12:33",  4503,  3.3, 0.0217, 1.2571, 0.0217,  .8436, 1.00,17.512\r\n'
Thu Aug 29 13:35:05 2013||aeth||[1377808500.0, '"29-aug-13"', '"12:34"', 3574.0, 3.2999999999999998, 0.021700000000000001, 1.252, 0.021700000000000001, 0.84350000000000003, 1.0, 17.91]||'1377808500,"29-aug-13","12:34",  3574,  3.3, 0.0217, 1.2520, 0.0217,  .8435, 1.00,17.910\r\n'
Thu Aug 29 13:36:07 2013||aeth||[1377808560.0, '"29-aug-13"', '"12:35"', 3885.0, 3.2999999999999998, 0.021700000000000001, 1.2468999999999999, 0.021700000000000001, 0.84370000000000001, 1.0, 18.343]||'1377808560,"29-aug-13","12:35",  3885,  3.3, 0.0217, 1.2469, 0.0217,  .8437, 1.00,18.343\r\n'
Thu Aug 29 13:37:05 2013||aeth||[1377808620.0, '"29-aug-13"', '"12:36"', 2434.0, 3.2999999999999998, 0.021700000000000001, 1.2437, 0.021700000000000001, 0.84370000000000001, 1.0, 18.614000000000001]||'1377808620,"29-aug-13","12:36",  2434,  3.3, 0.0217, 1.2437, 0.0217,  .8437, 1.00,18.614\r\n'
Thu Aug 29 13:38:05 2013||aeth||[1377808680.0, '"29-aug-13"', '"12:37"', 2249.0, 3.2999999999999998, 0.021700000000000001, 1.24, 0.021700000000000001, 0.84330000000000005, 1.0, 18.864000000000001]||'1377808680,"29-aug-13","12:37",  2249,  3.3, 0.0217, 1.2400, 0.0217,  .8433, 1.00,18.864\r\n'
Thu Aug 29 13:39:06 2013||aeth||[1377808740.0, '"29-aug-13"', '"12:38"', 1638.0, 3.2999999999999998, 0.021700000000000001, 1.2377, 0.021700000000000001, 0.84319999999999995, 1.0, 19.045999999999999]||'1377808740,"29-aug-13","12:38",  1638,  3.3, 0.0217, 1.2377, 0.0217,  .8432, 1.00,19.046\r\n'
Thu Aug 29 13:40:07 2013||aeth||[1377808800.0, '"29-aug-13"', '"12:39"', 1776.0, 3.2999999999999998, 0.021700000000000001, 1.2355, 0.021700000000000001, 0.84340000000000004, 1.0, 19.244]||'1377808800,"29-aug-13","12:39",  1776,  3.3, 0.0217, 1.2355, 0.0217,  .8434, 1.00,19.244\r\n'
Thu Aug 29 13:41:05 2013||aeth||[1377808860.0, '"29-aug-13"', '"12:40"', 2425.0, 3.2999999999999998, 0.021700000000000001, 1.2322, 0.021700000000000001, 0.84330000000000005, 1.0, 19.513000000000002]||'1377808860,"29-aug-13","12:40",  2425,  3.3, 0.0217, 1.2322, 0.0217,  .8433, 1.00,19.513\r\n'
Thu Aug 29 13:42:07 2013||aeth||[1377808920.0, '"29-aug-13"', '"12:41"', 1639.0, 3.2999999999999998, 0.021700000000000001, 1.2294, 0.021700000000000001, 0.84299999999999997, 1.0, 19.696000000000002]||'1377808920,"29-aug-13","12:41",  1639,  3.3, 0.0217, 1.2294, 0.0217,  .8430, 1.00,19.696\r\n'
Thu Aug 29 13:43:06 2013||aeth||[1377808980.0, '"29-aug-13"', '"12:42"', 1392.0, 3.2999999999999998, 0.021700000000000001, 1.2275, 0.021700000000000001, 0.84289999999999998, 1.0, 19.850000000000001]||'1377808980,"29-aug-13","12:42",  1392,  3.3, 0.0217, 1.2275, 0.0217,  .8429, 1.00,19.850\r\n'
Thu Aug 29 13:44:06 2013||aeth||[1377809040.0, '"29-aug-13"', '"12:43"', 2106.0, 3.2999999999999998, 0.021700000000000001, 1.2250000000000001, 0.021700000000000001, 0.84319999999999995, 1.0, 20.084]||'1377809040,"29-aug-13","12:43",  2106,  3.3, 0.0217, 1.2250, 0.0217,  .8432, 1.00,20.084\r\n'
Thu Aug 29 13:45:06 2013||aeth||[1377809100.0, '"29-aug-13"', '"12:44"', 2561.0, 3.2999999999999998, 0.021700000000000001, 1.2217, 0.021700000000000001, 0.84319999999999995, 1.0, 20.369]||'1377809100,"29-aug-13","12:44",  2561,  3.3, 0.0217, 1.2217, 0.0217,  .8432, 1.00,20.369\r\n'
Thu Aug 29 13:46:06 2013||aeth||[1377809160.0, '"29-aug-13"', '"12:45"', 1550.0, 3.2999999999999998, 0.021700000000000001, 1.2191000000000001, 0.021700000000000001, 0.84279999999999999, 1.0, 20.541]||'1377809160,"29-aug-13","12:45",  1550,  3.3, 0.0217, 1.2191, 0.0217,  .8428, 1.00,20.541\r\n'
Thu Aug 29 13:47:05 2013||aeth||[1377809220.0, '"29-aug-13"', '"12:46"', 1201.0, 3.2999999999999998, 0.021700000000000001, 1.2172000000000001, 0.021700000000000001, 0.84260000000000002, 1.0, 20.675000000000001]||'1377809220,"29-aug-13","12:46",  1201,  3.3, 0.0217, 1.2172, 0.0217,  .8426, 1.00,20.675\r\n'
Thu Aug 29 13:48:04 2013||aeth||[1377809280.0, '"29-aug-13"', '"12:47"', 1278.0, 3.2999999999999998, 0.021700000000000001, 1.2158, 0.021700000000000001, 0.84289999999999998, 1.0, 20.817]||'1377809280,"29-aug-13","12:47",  1278,  3.3, 0.0217, 1.2158, 0.0217,  .8429, 1.00,20.817\r\n'
Thu Aug 29 13:49:05 2013||aeth||[1377809340.0, '"29-aug-13"', '"12:48"', 1159.0, 3.2999999999999998, 0.021700000000000001, 1.2143999999999999, 0.021700000000000001, 0.84289999999999998, 1.0, 20.946000000000002]||'1377809340,"29-aug-13","12:48",  1159,  3.3, 0.0217, 1.2144, 0.0217,  .8429, 1.00,20.946\r\n'
Thu Aug 29 13:50:05 2013||aeth||[1377809400.0, '"29-aug-13"', '"12:49"', 975.0, 3.2999999999999998, 0.021700000000000001, 1.2124999999999999, 0.021700000000000001, 0.84250000000000003, 1.0, 21.053999999999998]||'1377809400,"29-aug-13","12:49",   975,  3.3, 0.0217, 1.2125, 0.0217,  .8425, 1.00,21.054\r\n'
Thu Aug 29 13:51:07 2013||aeth||[1377809460.0, '"29-aug-13"', '"12:50"', 3867.0, 3.2999999999999998, 0.021700000000000001, 1.2068000000000001, 0.021700000000000001, 0.84209999999999996, 1.0, 21.483000000000001]||'1377809460,"29-aug-13","12:50",  3867,  3.3, 0.0217, 1.2068, 0.0217,  .8421, 1.00,21.483\r\n'
Thu Aug 29 13:52:06 2013||aeth||[1377809520.0, '"29-aug-13"', '"12:51"', 1499.0, 3.2999999999999998, 0.021700000000000001, 1.2053, 0.021700000000000001, 0.84240000000000004, 1.0, 21.649999999999999]||'1377809520,"29-aug-13","12:51",  1499,  3.3, 0.0217, 1.2053, 0.0217,  .8424, 1.00,21.650\r\n'
Thu Aug 29 13:53:06 2013||aeth||[1377809580.0, '"29-aug-13"', '"12:52"', 839.0, 3.2999999999999998, 0.021700000000000001, 1.2042999999999999, 0.021700000000000001, 0.84250000000000003, 1.0, 21.742999999999999]||'1377809580,"29-aug-13","12:52",   839,  3.3, 0.0217, 1.2043, 0.0217,  .8425, 1.00,21.743\r\n'
Thu Aug 29 13:54:05 2013||aeth||[1377809640.0, '"29-aug-13"', '"12:53"', 1230.0, 3.2999999999999998, 0.021700000000000001, 1.2020999999999999, 0.021700000000000001, 0.84209999999999996, 1.0, 21.879999999999999]||'1377809640,"29-aug-13","12:53",  1230,  3.3, 0.0217, 1.2021, 0.0217,  .8421, 1.00,21.880\r\n'
Thu Aug 29 13:55:06 2013||aeth||[1377809700.0, '"29-aug-13"', '"12:54"', 1115.0, 3.2999999999999998, 0.021700000000000001, 1.2003999999999999, 0.021700000000000001, 0.84199999999999997, 1.0, 22.004000000000001]||'1377809700,"29-aug-13","12:54",  1115,  3.3, 0.0217, 1.2004, 0.0217,  .8420, 1.00,22.004\r\n'
Thu Aug 29 13:56:05 2013||aeth||[1377809760.0, '"29-aug-13"', '"12:55"', 1031.0, 3.2999999999999998, 0.021700000000000001, 1.1994, 0.021700000000000001, 0.84219999999999995, 1.0, 22.119]||'1377809760,"29-aug-13","12:55",  1031,  3.3, 0.0217, 1.1994, 0.0217,  .8422, 1.00,22.119\r\n'
Thu Aug 29 13:57:05 2013||aeth||[1377809820.0, '"29-aug-13"', '"12:56"', 975.0, 3.2999999999999998, 0.021700000000000001, 1.1980999999999999, 0.021700000000000001, 0.84219999999999995, 1.0, 22.227]||'1377809820,"29-aug-13","12:56",   975,  3.3, 0.0217, 1.1981, 0.0217,  .8422, 1.00,22.227\r\n'
Thu Aug 29 13:58:07 2013||aeth||[1377809880.0, '"29-aug-13"', '"12:57"', 1233.0, 3.2999999999999998, 0.021700000000000001, 1.1959, 0.021700000000000001, 0.8417, 1.0, 22.364000000000001]||'1377809880,"29-aug-13","12:57",  1233,  3.3, 0.0217, 1.1959, 0.0217,  .8417, 1.00,22.364\r\n'
Thu Aug 29 13:59:06 2013||aeth||[1377809940.0, '"29-aug-13"', '"12:58"', 1105.0, 3.2999999999999998, 0.021700000000000001, 1.1941999999999999, 0.021700000000000001, 0.84160000000000001, 1.0, 22.486999999999998]||'1377809940,"29-aug-13","12:58",  1105,  3.3, 0.0217, 1.1942, 0.0217,  .8416, 1.00,22.487\r\n'
Thu Aug 29 14:00:06 2013||aeth||[1377810000.0, '"29-aug-13"', '"12:59"', 1441.0, 3.2999999999999998, 0.021700000000000001, 1.1924999999999999, 0.021700000000000001, 0.8417, 1.0, 22.648]||'1377810000,"29-aug-13","12:59",  1441,  3.3, 0.0217, 1.1925, 0.0217,  .8417, 1.00,22.648\r\n'
Thu Aug 29 14:01:05 2013||aeth||[1377810060.0, '"29-aug-13"', '"13:00"', 1662.0, 3.2999999999999998, 0.021700000000000001, 1.1902999999999999, 0.021700000000000001, 0.8417, 1.0, 22.832999999999998]||'1377810060,"29-aug-13","13:00",  1662,  3.3, 0.0217, 1.1903, 0.0217,  .8417, 1.00,22.833\r\n'
Thu Aug 29 14:02:05 2013||aeth||[1377810120.0, '"29-aug-13"', '"13:01"', 1902.0, 3.2999999999999998, 0.021700000000000001, 1.1871, 0.021700000000000001, 0.84119999999999995, 1.0, 23.045000000000002]||'1377810120,"29-aug-13","13:01",  1902,  3.3, 0.0217, 1.1871, 0.0217,  .8412, 1.00,23.045\r\n'
Thu Aug 29 14:03:06 2013||aeth||[1377810180.0, '"29-aug-13"', '"13:02"', 1604.0, 3.2999999999999998, 0.021700000000000001, 1.1848000000000001, 0.021700000000000001, 0.84099999999999997, 1.0, 23.224]||'1377810180,"29-aug-13","13:02",  1604,  3.3, 0.0217, 1.1848, 0.0217,  .8410, 1.00,23.224\r\n'
Thu Aug 29 14:04:08 2013||aeth||[1377810240.0, '"29-aug-13"', '"13:03"', 1798.0, 3.2999999999999998, 0.021700000000000001, 1.1826000000000001, 0.021700000000000001, 0.84109999999999996, 1.0, 23.423999999999999]||'1377810240,"29-aug-13","13:03",  1798,  3.3, 0.0217, 1.1826, 0.0217,  .8411, 1.00,23.424\r\n'
Thu Aug 29 14:05:07 2013||aeth||[1377810300.0, '"29-aug-13"', '"13:04"', 1399.0, 3.2999999999999998, 0.021700000000000001, 1.1806000000000001, 0.021700000000000001, 0.84099999999999997, 1.0, 23.579999999999998]||'1377810300,"29-aug-13","13:04",  1399,  3.3, 0.0217, 1.1806, 0.0217,  .8410, 1.00,23.580\r\n'
Thu Aug 29 14:06:06 2013||aeth||[1377810360.0, '"29-aug-13"', '"13:05"', 1070.0, 3.2999999999999998, 0.021700000000000001, 1.1788000000000001, 0.021700000000000001, 0.8407, 1.0, 23.699000000000002]||'1377810360,"29-aug-13","13:05",  1070,  3.3, 0.0217, 1.1788, 0.0217,  .8407, 1.00,23.699\r\n'
Thu Aug 29 14:07:06 2013||aeth||[1377810420.0, '"29-aug-13"', '"13:06"', 1272.0, 3.2999999999999998, 0.021700000000000001, 1.1771, 0.021700000000000001, 0.84060000000000001, 1.0, 23.841000000000001]||'1377810420,"29-aug-13","13:06",  1272,  3.3, 0.0217, 1.1771, 0.0217,  .8406, 1.00,23.841\r\n'
Thu Aug 29 14:08:05 2013||aeth||[1377810480.0, '"29-aug-13"', '"13:07"', 1815.0, 3.2999999999999998, 0.021700000000000001, 1.175, 0.021700000000000001, 0.84079999999999999, 1.0, 24.042999999999999]||'1377810480,"29-aug-13","13:07",  1815,  3.3, 0.0217, 1.1750, 0.0217,  .8408, 1.00,24.043\r\n'
Thu Aug 29 14:09:06 2013||aeth||[1377810540.0, '"29-aug-13"', '"13:08"', 2789.0, 3.2999999999999998, 0.021700000000000001, 1.1715, 0.021700000000000001, 0.84079999999999999, 1.0, 24.353000000000002]||'1377810540,"29-aug-13","13:08",  2789,  3.3, 0.0217, 1.1715, 0.0217,  .8408, 1.00,24.353\r\n'
Thu Aug 29 14:10:05 2013||aeth||[1377810600.0, '"29-aug-13"', '"13:09"', 2941.0, 3.2999999999999998, 0.021700000000000001, 1.1669, 0.021700000000000001, 0.84019999999999995, 1.0, 24.68]||'1377810600,"29-aug-13","13:09",  2941,  3.3, 0.0217, 1.1669, 0.0217,  .8402, 1.00,24.680\r\n'
Thu Aug 29 14:11:06 2013||aeth||[1377810660.0, '"29-aug-13"', '"13:10"', 4118.0, 3.2999999999999998, 0.021700000000000001, 1.1613, 0.021700000000000001, 0.83999999999999997, 1.0, 25.138999999999999]||'1377810660,"29-aug-13","13:10",  4118,  3.3, 0.0217, 1.1613, 0.0217,  .8400, 1.00,25.139\r\n'
Thu Aug 29 14:12:08 2013||aeth||[1377810720.0, '"29-aug-13"', '"13:11"', 3477.0, 3.2999999999999998, 0.021700000000000001, 1.157, 0.021700000000000001, 0.83999999999999997, 1.0, 25.524999999999999]||'1377810720,"29-aug-13","13:11",  3477,  3.3, 0.0217, 1.1570, 0.0217,  .8400, 1.00,25.525\r\n'
Thu Aug 29 14:13:06 2013||aeth||[1377810780.0, '"29-aug-13"', '"13:12"', 1571.0, 3.2999999999999998, 0.021700000000000001, 1.1552, 0.021700000000000001, 0.84019999999999995, 1.0, 25.699999999999999]||'1377810780,"29-aug-13","13:12",  1571,  3.3, 0.0217, 1.1552, 0.0217,  .8402, 1.00,25.700\r\n'
Thu Aug 29 14:14:06 2013||aeth||[1377810840.0, '"29-aug-13"', '"13:13"', 1016.0, 3.2999999999999998, 0.021700000000000001, 1.1535, 0.021700000000000001, 0.83989999999999998, 1.0, 25.812999999999999]||'1377810840,"29-aug-13","13:13",  1016,  3.3, 0.0217, 1.1535, 0.0217,  .8399, 1.00,25.813\r\n'
Thu Aug 29 14:15:05 2013||aeth||[1377810900.0, '"29-aug-13"', '"13:14"', 925.0, 3.2999999999999998, 0.021700000000000001, 1.1523000000000001, 0.021700000000000001, 0.83979999999999999, 1.0, 25.916]||'1377810900,"29-aug-13","13:14",   925,  3.3, 0.0217, 1.1523, 0.0217,  .8398, 1.00,25.916\r\n'
Thu Aug 29 14:16:05 2013||aeth||[1377810960.0, '"29-aug-13"', '"13:15"', 4413.0, 3.2999999999999998, 0.021700000000000001, 1.1471, 0.021700000000000001, 0.84009999999999996, 1.0, 26.405999999999999]||'1377810960,"29-aug-13","13:15",  4413,  3.3, 0.0217, 1.1471, 0.0217,  .8401, 1.00,26.406\r\n'
Thu Aug 29 14:17:06 2013||aeth||[1377811020.0, '"29-aug-13"', '"13:16"', 1882.0, 3.2999999999999998, 0.021700000000000001, 1.1449, 0.021700000000000001, 0.84019999999999995, 1.0, 26.616]||'1377811020,"29-aug-13","13:16",  1882,  3.3, 0.0217, 1.1449, 0.0217,  .8402, 1.00,26.616\r\n'
Thu Aug 29 14:18:07 2013||aeth||[1377811080.0, '"29-aug-13"', '"13:17"', 1725.0, 3.2999999999999998, 0.021700000000000001, 1.1424000000000001, 0.021700000000000001, 0.83989999999999998, 1.0, 26.806999999999999]||'1377811080,"29-aug-13","13:17",  1725,  3.3, 0.0217, 1.1424, 0.0217,  .8399, 1.00,26.807\r\n'
Thu Aug 29 14:19:05 2013||aeth||[1377811140.0, '"29-aug-13"', '"13:18"', 1116.0, 3.2999999999999998, 0.021700000000000001, 1.1408, 0.021700000000000001, 0.83979999999999999, 1.0, 26.931000000000001]||'1377811140,"29-aug-13","13:18",  1116,  3.3, 0.0217, 1.1408, 0.0217,  .8398, 1.00,26.931\r\n'
Thu Aug 29 14:20:06 2013||aeth||[1377811200.0, '"29-aug-13"', '"13:19"', 744.0, 3.2999999999999998, 0.021700000000000001, 1.1402000000000001, 0.021700000000000001, 0.84009999999999996, 1.0, 27.013999999999999]||'1377811200,"29-aug-13","13:19",   744,  3.3, 0.0217, 1.1402, 0.0217,  .8401, 1.00,27.014\r\n'
Thu Aug 29 14:21:05 2013||aeth||[1377811260.0, '"29-aug-13"', '"13:20"', 728.0, 3.2999999999999998, 0.021700000000000001, 1.1395, 0.021700000000000001, 0.84019999999999995, 1.0, 27.094999999999999]||'1377811260,"29-aug-13","13:20",   728,  3.3, 0.0217, 1.1395, 0.0217,  .8402, 1.00,27.095\r\n'
Thu Aug 29 14:22:06 2013||aeth||[1377811320.0, '"29-aug-13"', '"13:21"', 1598.0, 3.2999999999999998, 0.021700000000000001, 1.137, 0.021700000000000001, 0.83979999999999999, 1.0, 27.271999999999998]||'1377811320,"29-aug-13","13:21",  1598,  3.3, 0.0217, 1.1370, 0.0217,  .8398, 1.00,27.272\r\n'
Thu Aug 29 14:23:00 2013||aeth||[1377811380.0, '"29-aug-13"', '"13:22"', 4236.0, 3.2999999999999998, 0.021700000000000001, 1.1322000000000001, 0.021700000000000001, 0.84009999999999996, 1.0, 27.742000000000001]||'1377811380,"29-aug-13","13:22",  4236,  3.3, 0.0217, 1.1322, 0.0217,  .8401, 1.00,27.742\r\n'
Thu Aug 29 14:24:07 2013||aeth||[1377811440.0, '"29-aug-13"', '"13:23"', 1228.0, 3.2999999999999998, 0.021700000000000001, 1.1307, 0.021700000000000001, 0.84019999999999995, 1.0, 27.879000000000001]||'1377811440,"29-aug-13","13:23",  1228,  3.3, 0.0217, 1.1307, 0.0217,  .8402, 1.00,27.879\r\n'
Thu Aug 29 14:25:08 2013||aeth||[1377811500.0, '"29-aug-13"', '"13:24"', 686.0, 3.2999999999999998, 0.021700000000000001, 1.1298999999999999, 0.021700000000000001, 0.84019999999999995, 1.0, 27.954999999999998]||'1377811500,"29-aug-13","13:24",   686,  3.3, 0.0217, 1.1299, 0.0217,  .8402, 1.00,27.955\r\n'
Thu Aug 29 14:26:07 2013||aeth||[1377811560.0, '"29-aug-13"', '"13:25"', 1712.0, 3.2999999999999998, 0.021700000000000001, 1.1273, 0.021700000000000001, 0.83979999999999999, 1.0, 28.145]||'1377811560,"29-aug-13","13:25",  1712,  3.3, 0.0217, 1.1273, 0.0217,  .8398, 1.00,28.145\r\n'
Thu Aug 29 14:27:00 2013||aeth||[1377811620.0, '"29-aug-13"', '"13:26"', 1411.0, 3.2999999999999998, 0.021700000000000001, 1.1254999999999999, 0.021700000000000001, 0.8397, 1.0, 28.300999999999998]||'1377811620,"29-aug-13","13:26",  1411,  3.3, 0.0217, 1.1255, 0.0217,  .8397, 1.00,28.301\r\n'
Thu Aug 29 14:28:08 2013||aeth||[1377811680.0, '"29-aug-13"', '"13:27"', 2658.0, 3.2999999999999998, 0.021700000000000001, 1.1226, 0.021700000000000001, 0.83999999999999997, 1.0, 28.596]||'1377811680,"29-aug-13","13:27",  2658,  3.3, 0.0217, 1.1226, 0.0217,  .8400, 1.00,28.596\r\n'
Thu Aug 29 14:29:07 2013||aeth||[1377811740.0, '"29-aug-13"', '"13:28"', 1598.0, 3.2999999999999998, 0.021700000000000001, 1.1207, 0.021700000000000001, 0.84009999999999996, 1.0, 28.773]||'1377811740,"29-aug-13","13:28",  1598,  3.3, 0.0217, 1.1207, 0.0217,  .8401, 1.00,28.773\r\n'
Thu Aug 29 14:30:07 2013||aeth||[1377811800.0, '"29-aug-13"', '"13:29"', 872.0, 3.2999999999999998, 0.021700000000000001, 1.1191, 0.021700000000000001, 0.8397, 1.0, 28.870000000000001]||'1377811800,"29-aug-13","13:29",   872,  3.3, 0.0217, 1.1191, 0.0217,  .8397, 1.00,28.870\r\n'
Thu Aug 29 14:31:08 2013||aeth||[1377811860.0, '"29-aug-13"', '"13:30"', 1264.0, 3.2999999999999998, 0.021700000000000001, 1.1173999999999999, 0.021700000000000001, 0.83950000000000002, 1.0, 29.010000000000002]||'1377811860,"29-aug-13","13:30",  1264,  3.3, 0.0217, 1.1174, 0.0217,  .8395, 1.00,29.010\r\n'
Thu Aug 29 14:32:08 2013||aeth||[1377811920.0, '"29-aug-13"', '"13:31"', 507.0, 3.2999999999999998, 0.021700000000000001, 1.1172, 0.021700000000000001, 0.83979999999999999, 1.0, 29.065999999999999]||'1377811920,"29-aug-13","13:31",   507,  3.3, 0.0217, 1.1172, 0.0217,  .8398, 1.00,29.066\r\n'
Thu Aug 29 14:33:07 2013||aeth||[1377811980.0, '"29-aug-13"', '"13:32"', 773.0, 3.2999999999999998, 0.021700000000000001, 1.1164000000000001, 0.021700000000000001, 0.83989999999999998, 1.0, 29.152000000000001]||'1377811980,"29-aug-13","13:32",   773,  3.3, 0.0217, 1.1164, 0.0217,  .8399, 1.00,29.152\r\n'
Thu Aug 29 14:34:08 2013||aeth||[1377812040.0, '"29-aug-13"', '"13:33"', 1236.0, 3.2999999999999998, 0.021700000000000001, 1.1145, 0.021700000000000001, 0.83960000000000001, 1.0, 29.289000000000001]||'1377812040,"29-aug-13","13:33",  1236,  3.3, 0.0217, 1.1145, 0.0217,  .8396, 1.00,29.289\r\n'
Thu Aug 29 14:35:07 2013||aeth||[1377812100.0, '"29-aug-13"', '"13:34"', 789.0, 3.2999999999999998, 0.021700000000000001, 1.1137999999999999, 0.021700000000000001, 0.83979999999999999, 1.0, 29.376000000000001]||'1377812100,"29-aug-13","13:34",   789,  3.3, 0.0217, 1.1138, 0.0217,  .8398, 1.00,29.376\r\n'
Thu Aug 29 14:36:07 2013||aeth||[1377812160.0, '"29-aug-13"', '"13:35"', 947.0, 3.2999999999999998, 0.021700000000000001, 1.1126, 0.021700000000000001, 0.83979999999999999, 1.0, 29.481000000000002]||'1377812160,"29-aug-13","13:35",   947,  3.3, 0.0217, 1.1126, 0.0217,  .8398, 1.00,29.481\r\n'
Thu Aug 29 14:37:08 2013||aeth||[1377812220.0, '"29-aug-13"', '"13:36"', 1007.0, 3.2999999999999998, 0.021700000000000001, 1.1114999999999999, 0.021700000000000001, 0.83989999999999998, 1.0, 29.593]||'1377812220,"29-aug-13","13:36",  1007,  3.3, 0.0217, 1.1115, 0.0217,  .8399, 1.00,29.593\r\n'
Thu Aug 29 14:38:07 2013||aeth||[1377812280.0, '"29-aug-13"', '"13:37"', 952.0, 3.2999999999999998, 0.021700000000000001, 1.1099000000000001, 0.021700000000000001, 0.83950000000000002, 1.0, 29.699000000000002]||'1377812280,"29-aug-13","13:37",   952,  3.3, 0.0217, 1.1099, 0.0217,  .8395, 1.00,29.699\r\n'
Thu Aug 29 14:39:07 2013||aeth||[1377812340.0, '"29-aug-13"', '"13:38"', 619.0, 3.2999999999999998, 0.021700000000000001, 1.1091, 0.021700000000000001, 0.83950000000000002, 1.0, 29.766999999999999]||'1377812340,"29-aug-13","13:38",   619,  3.3, 0.0217, 1.1091, 0.0217,  .8395, 1.00,29.767\r\n'
Thu Aug 29 14:40:08 2013||aeth||[1377812400.0, '"29-aug-13"', '"13:39"', 1256.0, 3.2999999999999998, 0.021700000000000001, 1.1079000000000001, 0.021700000000000001, 0.8397, 1.0, 29.907]||'1377812400,"29-aug-13","13:39",  1256,  3.3, 0.0217, 1.1079, 0.0217,  .8397, 1.00,29.907\r\n'
Thu Aug 29 14:41:07 2013||aeth||[1377812460.0, '"29-aug-13"', '"13:40"', 1980.0, 3.2999999999999998, 0.021700000000000001, 1.1054999999999999, 0.021700000000000001, 0.8397, 1.0, 30.126000000000001]||'1377812460,"29-aug-13","13:40",  1980,  3.3, 0.0217, 1.1055, 0.0217,  .8397, 1.00,30.126\r\n'
Thu Aug 29 14:42:07 2013||aeth||[1377812520.0, '"29-aug-13"', '"13:41"', 649.0, 3.2999999999999998, 0.021700000000000001, 1.1041000000000001, 0.021700000000000001, 0.83930000000000005, 1.0, 30.198]||'1377812520,"29-aug-13","13:41",   649,  3.3, 0.0217, 1.1041, 0.0217,  .8393, 1.00,30.198\r\n'
Thu Aug 29 14:43:07 2013||aeth||[1377812580.0, '"29-aug-13"', '"13:42"', 1305.0, 3.2999999999999998, 0.021700000000000001, 1.1029, 0.021700000000000001, 0.83960000000000001, 1.0, 30.343]||'1377812580,"29-aug-13","13:42",  1305,  3.3, 0.0217, 1.1029, 0.0217,  .8396, 1.00,30.343\r\n'
Thu Aug 29 14:44:08 2013||aeth||[1377812640.0, '"29-aug-13"', '"13:43"', 3507.0, 3.2999999999999998, 0.021700000000000001, 1.099, 0.021700000000000001, 0.8397, 1.0, 30.731999999999999]||'1377812640,"29-aug-13","13:43",  3507,  3.3, 0.0217, 1.0990, 0.0217,  .8397, 1.00,30.732\r\n'
Thu Aug 29 14:45:08 2013||aeth||[1377812700.0, '"29-aug-13"', '"13:44"', 958.0, 3.2999999999999998, 0.021700000000000001, 1.0979000000000001, 0.021700000000000001, 0.83979999999999999, 1.0, 30.838000000000001]||'1377812700,"29-aug-13","13:44",   958,  3.3, 0.0217, 1.0979, 0.0217,  .8398, 1.00,30.838\r\n'
Thu Aug 29 14:46:08 2013||aeth||[1377812760.0, '"29-aug-13"', '"13:45"', 399.0, 3.2999999999999998, 0.021700000000000001, 1.0968, 0.021700000000000001, 0.83930000000000005, 1.0, 30.882000000000001]||'1377812760,"29-aug-13","13:45",   399,  3.3, 0.0217, 1.0968, 0.0217,  .8393, 1.00,30.882\r\n'
Thu Aug 29 14:47:08 2013||aeth||[1377812820.0, '"29-aug-13"', '"13:46"', 509.0, 3.2999999999999998, 0.021700000000000001, 1.0961000000000001, 0.021700000000000001, 0.83930000000000005, 1.0, 30.939]||'1377812820,"29-aug-13","13:46",   509,  3.3, 0.0217, 1.0961, 0.0217,  .8393, 1.00,30.939\r\n'
Thu Aug 29 14:48:07 2013||aeth||[1377812880.0, '"29-aug-13"', '"13:47"', 594.0, 3.2999999999999998, 0.021700000000000001, 1.0958000000000001, 0.021700000000000001, 0.83950000000000002, 1.0, 31.004999999999999]||'1377812880,"29-aug-13","13:47",   594,  3.3, 0.0217, 1.0958, 0.0217,  .8395, 1.00,31.005\r\n'
Thu Aug 29 14:49:00 2013||aeth||[1377812940.0, '"29-aug-13"', '"13:48"', 551.0, 3.2999999999999998, 0.021700000000000001, 1.0952, 0.021700000000000001, 0.83960000000000001, 1.0, 31.065999999999999]||'1377812940,"29-aug-13","13:48",   551,  3.3, 0.0217, 1.0952, 0.0217,  .8396, 1.00,31.066\r\n'
Thu Aug 29 14:50:08 2013||aeth||[1377813000.0, '"29-aug-13"', '"13:49"', 714.0, 3.2999999999999998, 0.021700000000000001, 1.0938000000000001, 0.021700000000000001, 0.83919999999999995, 1.0, 31.145]||'1377813000,"29-aug-13","13:49",   714,  3.3, 0.0217, 1.0938, 0.0217,  .8392, 1.00,31.145\r\n'
Thu Aug 29 14:51:07 2013||aeth||[1377813060.0, '"29-aug-13"', '"13:50"', 345.0, 3.2999999999999998, 0.021700000000000001, 1.0929, 0.021700000000000001, 0.83879999999999999, 1.0, 31.184000000000001]||'1377813060,"29-aug-13","13:50",   345,  3.3, 0.0217, 1.0929, 0.0217,  .8388, 1.00,31.184\r\n'
Thu Aug 29 14:52:07 2013||aeth||[1377813120.0, '"29-aug-13"', '"13:51"', 375.0, 3.2999999999999998, 0.021700000000000001, 1.0914999999999999, 0.021700000000000001, 0.83799999999999997, 1.0, 31.225000000000001]||'1377813120,"29-aug-13","13:51",   375,  3.3, 0.0217, 1.0915, 0.0217,  .8380, 1.00,31.225\r\n'
Thu Aug 29 14:53:08 2013||aeth||[1377813180.0, '"29-aug-13"', '"13:52"', 67.0, 3.2999999999999998, 0.021700000000000001, 1.0901000000000001, 0.021700000000000001, 0.83709999999999996, 1.0, 31.233000000000001]||'1377813180,"29-aug-13","13:52",    67,  3.3, 0.0217, 1.0901, 0.0217,  .8371, 1.00,31.233\r\n'
Thu Aug 29 14:54:07 2013||aeth||[1377813240.0, '"29-aug-13"', '"13:53"', 495.0, 3.2999999999999998, 0.021700000000000001, 1.0878000000000001, 0.021700000000000001, 0.8357, 1.0, 31.288]||'1377813240,"29-aug-13","13:53",   495,  3.3, 0.0217, 1.0878, 0.0217,  .8357, 1.00,31.288\r\n'
Thu Aug 29 14:55:07 2013||aeth||[1377813300.0, '"29-aug-13"', '"13:54"', 207.0, 3.2999999999999998, 0.021700000000000001, 1.0867, 0.021700000000000001, 0.83509999999999995, 1.0, 31.311]||'1377813300,"29-aug-13","13:54",   207,  3.3, 0.0217, 1.0867, 0.0217,  .8351, 1.00,31.311\r\n'
Thu Aug 29 14:56:07 2013||aeth||[1377813360.0, '"29-aug-13"', '"13:55"', 60.0, 3.2999999999999998, 0.021700000000000001, 1.0860000000000001, 0.021700000000000001, 0.83460000000000001, 1.0, 31.318000000000001]||'1377813360,"29-aug-13","13:55",    60,  3.3, 0.0217, 1.0860, 0.0217,  .8346, 1.00,31.318\r\n'
Thu Aug 29 14:57:08 2013||aeth||[1377813420.0, '"29-aug-13"', '"13:56"', 214.0, 3.2999999999999998, 0.021700000000000001, 1.0853999999999999, 0.021700000000000001, 0.83440000000000003, 1.0, 31.341999999999999]||'1377813420,"29-aug-13","13:56",   214,  3.3, 0.0217, 1.0854, 0.0217,  .8344, 1.00,31.342\r\n'
Thu Aug 29 14:58:07 2013||aeth||[1377813480.0, '"29-aug-13"', '"13:57"', 1152.0, 3.2999999999999998, 0.021700000000000001, 1.0841000000000001, 0.021700000000000001, 0.83440000000000003, 1.0, 31.472000000000001]||'1377813480,"29-aug-13","13:57",  1152,  3.3, 0.0217, 1.0841, 0.0217,  .8344, 1.00,31.472\r\n'
Thu Aug 29 14:59:08 2013||aeth||[1377813540.0, '"29-aug-13"', '"13:58"', 1288.0, 3.2999999999999998, 0.021700000000000001, 1.0833999999999999, 0.021700000000000001, 0.83499999999999996, 1.0, 31.616]||'1377813540,"29-aug-13","13:58",  1288,  3.3, 0.0217, 1.0834, 0.0217,  .8350, 1.00,31.616\r\n'
Thu Aug 29 15:00:07 2013||aeth||[1377813600.0, '"29-aug-13"', '"13:59"', 789.0, 3.2999999999999998, 0.021700000000000001, 1.0831, 0.021700000000000001, 0.83550000000000002, 1.0, 31.704999999999998]||'1377813600,"29-aug-13","13:59",   789,  3.3, 0.0217, 1.0831, 0.0217,  .8355, 1.00,31.705\r\n'
Thu Aug 29 15:01:07 2013||aeth||[1377813660.0, '"29-aug-13"', '"14:00"', 2034.0, 3.2999999999999998, 0.021700000000000001, 1.0824, 0.021700000000000001, 0.83689999999999998, 1.0, 31.933]||'1377813660,"29-aug-13","14:00",  2034,  3.3, 0.0217, 1.0824, 0.0217,  .8369, 1.00,31.933\r\n'
Thu Aug 29 15:02:00 2013||aeth||[1377813720.0, '"29-aug-13"', '"14:01"', 1526.0, 3.2999999999999998, 0.021700000000000001, 1.0807, 0.021700000000000001, 0.83699999999999997, 1.0, 32.103999999999999]||'1377813720,"29-aug-13","14:01",  1526,  3.3, 0.0217, 1.0807, 0.0217,  .8370, 1.00,32.104\r\n'
Thu Aug 29 15:03:07 2013||aeth||[1377813780.0, '"29-aug-13"', '"14:02"', 792.0, 3.2999999999999998, 0.021700000000000001, 1.0802, 0.021700000000000001, 0.83730000000000004, 1.0, 32.192999999999998]||'1377813780,"29-aug-13","14:02",   792,  3.3, 0.0217, 1.0802, 0.0217,  .8373, 1.00,32.193\r\n'
Thu Aug 29 15:04:08 2013||aeth||[1377813840.0, '"29-aug-13"', '"14:03"', 1023.0, 3.2999999999999998, 0.021700000000000001, 1.0790999999999999, 0.021700000000000001, 0.83740000000000003, 1.0, 32.307000000000002]||'1377813840,"29-aug-13","14:03",  1023,  3.3, 0.0217, 1.0791, 0.0217,  .8374, 1.00,32.307\r\n'
Thu Aug 29 15:05:08 2013||aeth||[1377813900.0, '"29-aug-13"', '"14:04"', 652.0, 3.2999999999999998, 0.021700000000000001, 1.0783, 0.021700000000000001, 0.83740000000000003, 1.0, 32.380000000000003]||'1377813900,"29-aug-13","14:04",   652,  3.3, 0.0217, 1.0783, 0.0217,  .8374, 1.00,32.380\r\n'
Thu Aug 29 15:06:08 2013||aeth||[1377813960.0, '"29-aug-13"', '"14:05"', 445.0, 3.2999999999999998, 0.021700000000000001, 1.0773999999999999, 0.021700000000000001, 0.83709999999999996, 1.0, 32.429000000000002]||'1377813960,"29-aug-13","14:05",   445,  3.3, 0.0217, 1.0774, 0.0217,  .8371, 1.00,32.429\r\n'
Thu Aug 29 15:07:08 2013||aeth||[1377814020.0, '"29-aug-13"', '"14:06"', 828.0, 3.2999999999999998, 0.021700000000000001, 1.0769, 0.021700000000000001, 0.83750000000000002, 1.0, 32.521999999999998]||'1377814020,"29-aug-13","14:06",   828,  3.3, 0.0217, 1.0769, 0.0217,  .8375, 1.00,32.522\r\n'
Thu Aug 29 15:08:08 2013||aeth||[1377814080.0, '"29-aug-13"', '"14:07"', 928.0, 3.2999999999999998, 0.021700000000000001, 1.0759000000000001, 0.021700000000000001, 0.83750000000000002, 1.0, 32.625]||'1377814080,"29-aug-13","14:07",   928,  3.3, 0.0217, 1.0759, 0.0217,  .8375, 1.00,32.625\r\n'
Thu Aug 29 15:09:07 2013||aeth||[1377814140.0, '"29-aug-13"', '"14:08"', 446.0, 3.2999999999999998, 0.021700000000000001, 1.0753999999999999, 0.021700000000000001, 0.83750000000000002, 1.0, 32.674999999999997]||'1377814140,"29-aug-13","14:08",   446,  3.3, 0.0217, 1.0754, 0.0217,  .8375, 1.00,32.675\r\n'
Thu Aug 29 15:10:07 2013||aeth||[1377814200.0, '"29-aug-13"', '"14:09"', 331.0, 3.2999999999999998, 0.021700000000000001, 1.0746, 0.021700000000000001, 0.83720000000000006, 1.0, 32.712000000000003]||'1377814200,"29-aug-13","14:09",   331,  3.3, 0.0217, 1.0746, 0.0217,  .8372, 1.00,32.712\r\n'
Thu Aug 29 15:11:06 2013||aeth||[1377814260.0, '"29-aug-13"', '"14:10"', 1045.0, 3.2999999999999998, 0.021700000000000001, 1.0737000000000001, 0.021700000000000001, 0.83750000000000002, 1.0, 32.828000000000003]||'1377814260,"29-aug-13","14:10",  1045,  3.3, 0.0217, 1.0737, 0.0217,  .8375, 1.00,32.828\r\n'
Thu Aug 29 15:12:08 2013||aeth||[1377814320.0, '"29-aug-13"', '"14:11"', 1746.0, 3.2999999999999998, 0.021700000000000001, 1.0721000000000001, 0.021700000000000001, 0.83779999999999999, 1.0, 33.021999999999998]||'1377814320,"29-aug-13","14:11",  1746,  3.3, 0.0217, 1.0721, 0.0217,  .8378, 1.00,33.022\r\n'
Thu Aug 29 15:13:07 2013||aeth||[1377814380.0, '"29-aug-13"', '"14:12"', 3898.0, 3.2999999999999998, 0.021700000000000001, 1.0677000000000001, 0.021700000000000001, 0.83789999999999998, 1.0, 33.456000000000003]||'1377814380,"29-aug-13","14:12",  3898,  3.3, 0.0217, 1.0677, 0.0217,  .8379, 1.00,33.456\r\n'
Thu Aug 29 15:14:07 2013||aeth||[1377814440.0, '"29-aug-13"', '"14:13"', 2128.0, 3.2999999999999998, 0.021700000000000001, 1.0646, 0.021700000000000001, 0.83750000000000002, 1.0, 33.692999999999998]||'1377814440,"29-aug-13","14:13",  2128,  3.3, 0.0217, 1.0646, 0.0217,  .8375, 1.00,33.693\r\n'
Thu Aug 29 15:15:08 2013||aeth||[1377814500.0, '"29-aug-13"', '"14:14"', 595.0, 3.2999999999999998, 0.021700000000000001, 1.0642, 0.021700000000000001, 0.8377, 1.0, 33.759]||'1377814500,"29-aug-13","14:14",   595,  3.3, 0.0217, 1.0642, 0.0217,  .8377, 1.00,33.759\r\n'
Thu Aug 29 15:16:07 2013||aeth||[1377814560.0, '"29-aug-13"', '"14:15"', 848.0, 3.2999999999999998, 0.021700000000000001, 1.0633999999999999, 0.021700000000000001, 0.83779999999999999, 1.0, 33.853000000000002]||'1377814560,"29-aug-13","14:15",   848,  3.3, 0.0217, 1.0634, 0.0217,  .8378, 1.00,33.853\r\n'
Thu Aug 29 15:17:07 2013||aeth||[1377814620.0, '"29-aug-13"', '"14:16"', 3343.0, 3.2999999999999998, 0.021700000000000001, 1.0592999999999999, 0.021700000000000001, 0.83760000000000001, 1.0, 34.225000000000001]||'1377814620,"29-aug-13","14:16",  3343,  3.3, 0.0217, 1.0593, 0.0217,  .8376, 1.00,34.225\r\n'
Thu Aug 29 15:18:07 2013||aeth||[1377814680.0, '"29-aug-13"', '"14:17"', 3787.0, 3.2999999999999998, 0.021700000000000001, 1.0549999999999999, 0.021700000000000001, 0.83760000000000001, 1.0, 34.646000000000001]||'1377814680,"29-aug-13","14:17",  3787,  3.3, 0.0217, 1.0550, 0.0217,  .8376, 1.00,34.646\r\n'
Thu Aug 29 15:19:07 2013||aeth||[1377814740.0, '"29-aug-13"', '"14:18"', 899.0, 3.2999999999999998, 0.021700000000000001, 1.0542, 0.021700000000000001, 0.83789999999999998, 1.0, 34.746000000000002]||'1377814740,"29-aug-13","14:18",   899,  3.3, 0.0217, 1.0542, 0.0217,  .8379, 1.00,34.746\r\n'
Thu Aug 29 15:20:08 2013||aeth||[1377814800.0, '"29-aug-13"', '"14:19"', 1179.0, 3.2999999999999998, 0.021700000000000001, 1.0529999999999999, 0.021700000000000001, 0.83789999999999998, 1.0, 34.877000000000002]||'1377814800,"29-aug-13","14:19",  1179,  3.3, 0.0217, 1.0530, 0.0217,  .8379, 1.00,34.877\r\n'
Thu Aug 29 15:21:07 2013||aeth||[1377814860.0, '"29-aug-13"', '"14:20"', 595.0, 3.2999999999999998, 0.021700000000000001, 1.0523, 0.021700000000000001, 0.83789999999999998, 1.0, 34.942999999999998]||'1377814860,"29-aug-13","14:20",   595,  3.3, 0.0217, 1.0523, 0.0217,  .8379, 1.00,34.943\r\n'
Thu Aug 29 15:22:07 2013||aeth||[1377814920.0, '"29-aug-13"', '"14:21"', 491.0, 3.2999999999999998, 0.021700000000000001, 1.0512999999999999, 0.021700000000000001, 0.83760000000000001, 1.0, 34.997]||'1377814920,"29-aug-13","14:21",   491,  3.3, 0.0217, 1.0513, 0.0217,  .8376, 1.00,34.997\r\n'
Thu Aug 29 15:23:08 2013||aeth||[1377814980.0, '"29-aug-13"', '"14:22"', 921.0, 3.2999999999999998, 0.021700000000000001, 1.0506, 0.021700000000000001, 0.83779999999999999, 1.0, 35.100000000000001]||'1377814980,"29-aug-13","14:22",   921,  3.3, 0.0217, 1.0506, 0.0217,  .8378, 1.00,35.100\r\n'
Thu Aug 29 15:24:07 2013||aeth||[1377815040.0, '"29-aug-13"', '"14:23"', 812.0, 3.2999999999999998, 0.021700000000000001, 1.0497000000000001, 0.021700000000000001, 0.83789999999999998, 1.0, 35.189999999999998]||'1377815040,"29-aug-13","14:23",   812,  3.3, 0.0217, 1.0497, 0.0217,  .8379, 1.00,35.190\r\n'
Thu Aug 29 15:25:07 2013||aeth||[1377815100.0, '"29-aug-13"', '"14:24"', 1148.0, 3.2999999999999998, 0.021700000000000001, 1.048, 0.021700000000000001, 0.83760000000000001, 1.0, 35.317]||'1377815100,"29-aug-13","14:24",  1148,  3.3, 0.0217, 1.0480, 0.0217,  .8376, 1.00,35.317\r\n'
Thu Aug 29 15:26:08 2013||aeth||[1377815160.0, '"29-aug-13"', '"14:25"', 1232.0, 3.2999999999999998, 0.021700000000000001, 1.0465, 0.021700000000000001, 0.83750000000000002, 1.0, 35.454000000000001]||'1377815160,"29-aug-13","14:25",  1232,  3.3, 0.0217, 1.0465, 0.0217,  .8375, 1.00,35.454\r\n'
Thu Aug 29 15:27:08 2013||aeth||[1377815220.0, '"29-aug-13"', '"14:26"', 960.0, 3.2999999999999998, 0.021700000000000001, 1.0456000000000001, 0.021700000000000001, 0.8377, 1.0, 35.561]||'1377815220,"29-aug-13","14:26",   960,  3.3, 0.0217, 1.0456, 0.0217,  .8377, 1.00,35.561\r\n'
Thu Aug 29 15:28:08 2013||aeth||[1377815280.0, '"29-aug-13"', '"14:27"', 1642.0, 3.2999999999999998, 0.021700000000000001, 1.0439000000000001, 0.021700000000000001, 0.83779999999999999, 1.0, 35.743000000000002]||'1377815280,"29-aug-13","14:27",  1642,  3.3, 0.0217, 1.0439, 0.0217,  .8378, 1.00,35.743\r\n'
Thu Aug 29 15:29:00 2013||aeth||[1377815340.0, '"29-aug-13"', '"14:28"', 1333.0, 3.2999999999999998, 0.021700000000000001, 1.0418000000000001, 0.021700000000000001, 0.83740000000000003, 1.0, 35.890999999999998]||'1377815340,"29-aug-13","14:28",  1333,  3.3, 0.0217, 1.0418, 0.0217,  .8374, 1.00,35.891\r\n'
Thu Aug 29 15:30:07 2013||aeth||[1377815400.0, '"29-aug-13"', '"14:29"', 1247.0, 3.2999999999999998, 0.021700000000000001, 1.0403, 0.021700000000000001, 0.83730000000000004, 1.0, 36.030000000000001]||'1377815400,"29-aug-13","14:29",  1247,  3.3, 0.0217, 1.0403, 0.0217,  .8373, 1.00,36.030\r\n'
Thu Aug 29 15:31:08 2013||aeth||[1377815460.0, '"29-aug-13"', '"14:30"', 1769.0, 3.2999999999999998, 0.021700000000000001, 1.0387, 0.021700000000000001, 0.83760000000000001, 1.0, 36.226999999999997]||'1377815460,"29-aug-13","14:30",  1769,  3.3, 0.0217, 1.0387, 0.0217,  .8376, 1.00,36.227\r\n'
Thu Aug 29 15:32:07 2013||aeth||[1377815520.0, '"29-aug-13"', '"14:31"', 1593.0, 3.2999999999999998, 0.021700000000000001, 1.0368999999999999, 0.021700000000000001, 0.83760000000000001, 1.0, 36.404000000000003]||'1377815520,"29-aug-13","14:31",  1593,  3.3, 0.0217, 1.0369, 0.0217,  .8376, 1.00,36.404\r\n'
Thu Aug 29 15:33:05 2013||aeth||[1377815580.0, '"29-aug-13"', '"14:32"', 833.0, 3.2999999999999998, 0.021700000000000001, 1.0358000000000001, 0.021700000000000001, 0.83750000000000002, 1.0, 36.496000000000002]||'1377815580,"29-aug-13","14:32",   833,  3.3, 0.0217, 1.0358, 0.0217,  .8375, 1.00,36.496\r\n'
Thu Aug 29 15:34:07 2013||aeth||[1377815640.0, '"29-aug-13"', '"14:33"', 1027.0, 3.2999999999999998, 0.021700000000000001, 1.0339, 0.021700000000000001, 0.83689999999999998, 1.0, 36.610999999999997]||'1377815640,"29-aug-13","14:33",  1027,  3.3, 0.0217, 1.0339, 0.0217,  .8369, 1.00,36.611\r\n'
Thu Aug 29 15:35:08 2013||aeth||[1377815700.0, '"29-aug-13"', '"14:34"', 483.0, 3.2999999999999998, 0.021700000000000001, 1.0336000000000001, 0.021700000000000001, 0.83709999999999996, 1.0, 36.664000000000001]||'1377815700,"29-aug-13","14:34",   483,  3.3, 0.0217, 1.0336, 0.0217,  .8371, 1.00,36.664\r\n'
Thu Aug 29 15:36:00 2013||aeth||[1377815760.0, '"29-aug-13"', '"14:35"', 773.0, 3.2999999999999998, 0.021700000000000001, 1.0329999999999999, 0.021700000000000001, 0.83730000000000004, 1.0, 36.75]||'1377815760,"29-aug-13","14:35",   773,  3.3, 0.0217, 1.0330, 0.0217,  .8373, 1.00,36.750\r\n'
Thu Aug 29 15:37:00 2013||aeth||[1377815820.0, '"29-aug-13"', '"14:36"', 1037.0, 3.2999999999999998, 0.021700000000000001, 1.0316000000000001, 0.021700000000000001, 0.83709999999999996, 1.0, 36.865000000000002]||'1377815820,"29-aug-13","14:36",  1037,  3.3, 0.0217, 1.0316, 0.0217,  .8371, 1.00,36.865\r\n'
Thu Aug 29 15:38:07 2013||aeth||[1377815880.0, '"29-aug-13"', '"14:37"', 1021.0, 3.2999999999999998, 0.021700000000000001, 1.0304, 0.021700000000000001, 0.83709999999999996, 1.0, 36.978999999999999]||'1377815880,"29-aug-13","14:37",  1021,  3.3, 0.0217, 1.0304, 0.0217,  .8371, 1.00,36.979\r\n'
Thu Aug 29 15:39:08 2013||aeth||[1377815940.0, '"29-aug-13"', '"14:38"', 850.0, 3.2999999999999998, 0.021700000000000001, 1.0298, 0.021700000000000001, 0.83730000000000004, 1.0, 37.073]||'1377815940,"29-aug-13","14:38",   850,  3.3, 0.0217, 1.0298, 0.0217,  .8373, 1.00,37.073\r\n'
Thu Aug 29 15:40:07 2013||aeth||[1377816000.0, '"29-aug-13"', '"14:39"', 945.0, 3.2999999999999998, 0.021700000000000001, 1.0287999999999999, 0.021700000000000001, 0.83740000000000003, 1.0, 37.177999999999997]||'1377816000,"29-aug-13","14:39",   945,  3.3, 0.0217, 1.0288, 0.0217,  .8374, 1.00,37.178\r\n'
Thu Aug 29 15:41:07 2013||aeth||[1377816060.0, '"29-aug-13"', '"14:40"', 886.0, 3.2999999999999998, 0.021700000000000001, 1.0278, 0.021700000000000001, 0.83740000000000003, 1.0, 37.276000000000003]||'1377816060,"29-aug-13","14:40",   886,  3.3, 0.0217, 1.0278, 0.0217,  .8374, 1.00,37.276\r\n'
Thu Aug 29 15:42:00 2013||aeth||[1377816120.0, '"29-aug-13"', '"14:41"', 941.0, 3.2999999999999998, 0.021700000000000001, 1.0264, 0.021700000000000001, 0.83709999999999996, 1.0, 37.381]||'1377816120,"29-aug-13","14:41",   941,  3.3, 0.0217, 1.0264, 0.0217,  .8371, 1.00,37.381\r\n'
Thu Aug 29 15:43:08 2013||aeth||[1377816180.0, '"29-aug-13"', '"14:42"', 580.0, 3.2999999999999998, 0.021700000000000001, 1.0261, 0.021700000000000001, 0.83730000000000004, 1.0, 37.445]||'1377816180,"29-aug-13","14:42",   580,  3.3, 0.0217, 1.0261, 0.0217,  .8373, 1.00,37.445\r\n'
Thu Aug 29 15:44:07 2013||aeth||[1377816240.0, '"29-aug-13"', '"14:43"', 581.0, 3.2999999999999998, 0.021700000000000001, 1.0255000000000001, 0.021700000000000001, 0.83740000000000003, 1.0, 37.509999999999998]||'1377816240,"29-aug-13","14:43",   581,  3.3, 0.0217, 1.0255, 0.0217,  .8374, 1.00,37.510\r\n'
Thu Aug 29 15:45:07 2013||aeth||[1377816300.0, '"29-aug-13"', '"14:44"', 809.0, 3.2999999999999998, 0.021700000000000001, 1.0242, 0.021700000000000001, 0.83709999999999996, 1.0, 37.600000000000001]||'1377816300,"29-aug-13","14:44",   809,  3.3, 0.0217, 1.0242, 0.0217,  .8371, 1.00,37.600\r\n'
Thu Aug 29 15:46:08 2013||aeth||[1377816360.0, '"29-aug-13"', '"14:45"', 901.0, 3.2999999999999998, 0.021700000000000001, 1.0232000000000001, 0.021700000000000001, 0.83709999999999996, 1.0, 37.698999999999998]||'1377816360,"29-aug-13","14:45",   901,  3.3, 0.0217, 1.0232, 0.0217,  .8371, 1.00,37.699\r\n'
Thu Aug 29 15:47:07 2013||aeth||[1377816420.0, '"29-aug-13"', '"14:46"', 3179.0, 3.2999999999999998, 0.021700000000000001, 1.0202, 0.021700000000000001, 0.83750000000000002, 1.0, 38.052]||'1377816420,"29-aug-13","14:46",  3179,  3.3, 0.0217, 1.0202, 0.0217,  .8375, 1.00,38.052\r\n'
Thu Aug 29 15:48:07 2013||aeth||[1377816480.0, '"29-aug-13"', '"14:47"', 4277.0, 3.2999999999999998, 0.021700000000000001, 1.0156000000000001, 0.021700000000000001, 0.83760000000000001, 1.0, 38.524999999999999]||'1377816480,"29-aug-13","14:47",  4277,  3.3, 0.0217, 1.0156, 0.0217,  .8376, 1.00,38.525\r\n'
Thu Aug 29 15:49:08 2013||aeth||[1377816540.0, '"29-aug-13"', '"14:48"', 1554.0, 3.2999999999999998, 0.021700000000000001, 1.0136000000000001, 0.021700000000000001, 0.83740000000000003, 1.0, 38.697000000000003]||'1377816540,"29-aug-13","14:48",  1554,  3.3, 0.0217, 1.0136, 0.0217,  .8374, 1.00,38.697\r\n'
Thu Aug 29 15:50:07 2013||aeth||[1377816600.0, '"29-aug-13"', '"14:49"', 910.0, 3.2999999999999998, 0.021700000000000001, 1.0125, 0.021700000000000001, 0.83730000000000004, 1.0, 38.798000000000002]||'1377816600,"29-aug-13","14:49",   910,  3.3, 0.0217, 1.0125, 0.0217,  .8373, 1.00,38.798\r\n'
Thu Aug 29 15:51:07 2013||aeth||[1377816660.0, '"29-aug-13"', '"14:50"', 583.0, 3.2999999999999998, 0.021700000000000001, 1.0122, 0.021700000000000001, 0.83760000000000001, 1.0, 38.863]||'1377816660,"29-aug-13","14:50",   583,  3.3, 0.0217, 1.0122, 0.0217,  .8376, 1.00,38.863\r\n'
Thu Aug 29 15:52:07 2013||aeth||[1377816720.0, '"29-aug-13"', '"14:51"', 654.0, 3.2999999999999998, 0.021700000000000001, 1.0116000000000001, 0.021700000000000001, 0.83760000000000001, 1.0, 38.935000000000002]||'1377816720,"29-aug-13","14:51",   654,  3.3, 0.0217, 1.0116, 0.0217,  .8376, 1.00,38.935\r\n'
Thu Aug 29 15:53:08 2013||aeth||[1377816780.0, '"29-aug-13"', '"14:52"', 828.0, 3.2999999999999998, 0.021700000000000001, 1.0104, 0.021700000000000001, 0.83740000000000003, 1.0, 39.027000000000001]||'1377816780,"29-aug-13","14:52",   828,  3.3, 0.0217, 1.0104, 0.0217,  .8374, 1.00,39.027\r\n'
Thu Aug 29 15:54:08 2013||aeth||[1377816840.0, '"29-aug-13"', '"14:53"', 942.0, 3.2999999999999998, 0.021700000000000001, 1.0093000000000001, 0.021700000000000001, 0.83730000000000004, 1.0, 39.131]||'1377816840,"29-aug-13","14:53",   942,  3.3, 0.0217, 1.0093, 0.0217,  .8373, 1.00,39.131\r\n'
Thu Aug 29 15:55:01 2013||aeth||[1377816900.0, '"29-aug-13"', '"14:54"', 624.0, 3.2999999999999998, 0.021700000000000001, 1.0089999999999999, 0.021700000000000001, 0.83760000000000001, 1.0, 39.200000000000003]||'1377816900,"29-aug-13","14:54",   624,  3.3, 0.0217, 1.0090, 0.0217,  .8376, 1.00,39.200\r\n'
Thu Aug 29 15:56:08 2013||aeth||[1377816960.0, '"29-aug-13"', '"14:55"', 528.0, 3.2999999999999998, 0.021700000000000001, 1.0085, 0.021700000000000001, 0.83779999999999999, 1.0, 39.259]||'1377816960,"29-aug-13","14:55",   528,  3.3, 0.0217, 1.0085, 0.0217,  .8378, 1.00,39.259\r\n'
Thu Aug 29 15:57:06 2013||aeth||[1377817020.0, '"29-aug-13"', '"14:56"', 752.0, 3.2999999999999998, 0.021700000000000001, 1.0076000000000001, 0.021700000000000001, 0.8377, 1.0, 39.341999999999999]||'1377817020,"29-aug-13","14:56",   752,  3.3, 0.0217, 1.0076, 0.0217,  .8377, 1.00,39.342\r\n'
Thu Aug 29 15:58:07 2013||aeth||[1377817080.0, '"29-aug-13"', '"14:57"', 2157.0, 3.2999999999999998, 0.021700000000000001, 1.0054000000000001, 0.021700000000000001, 0.83779999999999999, 1.0, 39.579999999999998]||'1377817080,"29-aug-13","14:57",  2157,  3.3, 0.0217, 1.0054, 0.0217,  .8378, 1.00,39.580\r\n'
Thu Aug 29 15:59:07 2013||aeth||[1377817140.0, '"29-aug-13"', '"14:58"', 782.0, 3.2999999999999998, 0.021700000000000001, 1.0052000000000001, 0.021700000000000001, 0.83830000000000005, 1.0, 39.665999999999997]||'1377817140,"29-aug-13","14:58",   782,  3.3, 0.0217, 1.0052, 0.0217,  .8383, 1.00,39.666\r\n'
Thu Aug 29 16:00:09 2013||aeth||[1377817200.0, '"29-aug-13"', '"14:59"', 885.0, 3.2999999999999998, 0.021700000000000001, 1.0044999999999999, 0.021700000000000001, 0.83850000000000002, 1.0, 39.764000000000003]||'1377817200,"29-aug-13","14:59",   885,  3.3, 0.0217, 1.0045, 0.0217,  .8385, 1.00,39.764\r\n'
Thu Aug 29 16:01:08 2013||aeth||[1377817260.0, '"29-aug-13"', '"15:00"', 1648.0, 3.2999999999999998, 0.021700000000000001, 1.0024, 0.021700000000000001, 0.83830000000000005, 1.0, 39.945999999999998]||'1377817260,"29-aug-13","15:00",  1648,  3.3, 0.0217, 1.0024, 0.0217,  .8383, 1.00,39.946\r\n'
Thu Aug 29 16:02:09 2013||aeth||[1377817320.0, '"29-aug-13"', '"15:01"', 1160.0, 3.2999999999999998, 0.021700000000000001, 1.0012000000000001, 0.021700000000000001, 0.83830000000000005, 1.0, 40.073999999999998]||'1377817320,"29-aug-13","15:01",  1160,  3.3, 0.0217, 1.0012, 0.0217,  .8383, 1.00,40.074\r\n'
Thu Aug 29 16:03:07 2013||aeth||[1377817380.0, '"29-aug-13"', '"15:02"', 1042.0, 3.2999999999999998, 0.021700000000000001, 1.0006999999999999, 0.021700000000000001, 0.83889999999999998, 1.0, 40.189]||'1377817380,"29-aug-13","15:02",  1042,  3.3, 0.0217, 1.0007, 0.0217,  .8389, 1.00,40.189\r\n'
Thu Aug 29 16:04:07 2013||aeth||[1377817440.0, '"29-aug-13"', '"15:03"', 2696.0, 3.2999999999999998, 0.021700000000000001, 0.99829999999999997, 0.021700000000000001, 0.83930000000000005, 1.0, 40.485999999999997]||'1377817440,"29-aug-13","15:03",  2696,  3.3, 0.0217,  .9983, 0.0217,  .8393, 1.00,40.486\r\n'
Thu Aug 29 16:05:07 2013||aeth||[1377817500.0, '"29-aug-13"', '"15:04"', 1448.0, 3.2999999999999998, 0.021700000000000001, 0.99660000000000004, 0.021700000000000001, 0.83909999999999996, 1.0, 40.645000000000003]||'1377817500,"29-aug-13","15:04",  1448,  3.3, 0.0217,  .9966, 0.0217,  .8391, 1.00,40.645\r\n'
Thu Aug 29 16:06:08 2013||aeth||[1377817560.0, '"29-aug-13"', '"15:05"', 1471.0, 3.2999999999999998, 0.021700000000000001, 0.995, 0.021700000000000001, 0.83919999999999995, 1.0, 40.807000000000002]||'1377817560,"29-aug-13","15:05",  1471,  3.3, 0.0217,  .9950, 0.0217,  .8392, 1.00,40.807\r\n'
Thu Aug 29 16:07:08 2013||aeth||[1377817620.0, '"29-aug-13"', '"15:06"', 975.0, 3.2999999999999998, 0.021700000000000001, 0.99450000000000005, 0.021700000000000001, 0.83960000000000001, 1.0, 40.914000000000001]||'1377817620,"29-aug-13","15:06",   975,  3.3, 0.0217,  .9945, 0.0217,  .8396, 1.00,40.914\r\n'
Thu Aug 29 16:08:09 2013||aeth||[1377817680.0, '"29-aug-13"', '"15:07"', 337.0, 3.2999999999999998, 0.021700000000000001, 0.99460000000000004, 0.021700000000000001, 0.83999999999999997, 1.0, 40.951000000000001]||'1377817680,"29-aug-13","15:07",   337,  3.3, 0.0217,  .9946, 0.0217,  .8400, 1.00,40.951\r\n'
Thu Aug 29 16:09:07 2013||aeth||[1377817740.0, '"29-aug-13"', '"15:08"', 923.0, 3.2999999999999998, 0.021700000000000001, 0.99350000000000005, 0.021700000000000001, 0.83979999999999999, 1.0, 41.052999999999997]||'1377817740,"29-aug-13","15:08",   923,  3.3, 0.0217,  .9935, 0.0217,  .8398, 1.00,41.053\r\n'
Thu Aug 29 16:10:07 2013||aeth||[1377817800.0, '"29-aug-13"', '"15:09"', 858.0, 3.2999999999999998, 0.021700000000000001, 0.99270000000000003, 0.021700000000000001, 0.83989999999999998, 1.0, 41.146999999999998]||'1377817800,"29-aug-13","15:09",   858,  3.3, 0.0217,  .9927, 0.0217,  .8399, 1.00,41.147\r\n'
Thu Aug 29 16:11:07 2013||aeth||[1377817860.0, '"29-aug-13"', '"15:10"', 945.0, 3.2999999999999998, 0.021700000000000001, 0.99199999999999999, 0.021700000000000001, 0.84030000000000005, 1.0, 41.250999999999998]||'1377817860,"29-aug-13","15:10",   945,  3.3, 0.0217,  .9920, 0.0217,  .8403, 1.00,41.251\r\n'
Thu Aug 29 16:12:08 2013||aeth||[1377817920.0, '"29-aug-13"', '"15:11"', 1355.0, 3.2999999999999998, 0.021700000000000001, 0.9909, 0.021700000000000001, 0.84050000000000002, 1.0, 41.399999999999999]||'1377817920,"29-aug-13","15:11",  1355,  3.3, 0.0217,  .9909, 0.0217,  .8405, 1.00,41.400\r\n'
Thu Aug 29 16:13:00 2013||aeth||[1377817980.0, '"29-aug-13"', '"15:12"', 1710.0, 3.2999999999999998, 0.021700000000000001, 0.98880000000000001, 0.021700000000000001, 0.84030000000000005, 1.0, 41.588000000000001]||'1377817980,"29-aug-13","15:12",  1710,  3.3, 0.0217,  .9888, 0.0217,  .8403, 1.00,41.588\r\n'
Thu Aug 29 16:14:00 2013||aeth||[1377818040.0, '"29-aug-13"', '"15:13"', 1718.0, 3.2999999999999998, 0.021700000000000001, 0.98709999999999998, 0.021700000000000001, 0.84040000000000004, 1.0, 41.776000000000003]||'1377818040,"29-aug-13","15:13",  1718,  3.3, 0.0217,  .9871, 0.0217,  .8404, 1.00,41.776\r\n'
Thu Aug 29 16:15:07 2013||aeth||[1377818100.0, '"29-aug-13"', '"15:14"', 1997.0, 3.2999999999999998, 0.021700000000000001, 0.98550000000000004, 0.021700000000000001, 0.84089999999999998, 1.0, 41.999000000000002]||'1377818100,"29-aug-13","15:14",  1997,  3.3, 0.0217,  .9855, 0.0217,  .8409, 1.00,41.999\r\n'
Thu Aug 29 16:16:07 2013||aeth||[1377818160.0, '"29-aug-13"', '"15:15"', 1025.0, 3.2000000000000002, 0.021700000000000001, 0.98470000000000002, 0.021700000000000001, 0.84109999999999996, 1.0, 42.112000000000002]||'1377818160,"29-aug-13","15:15",  1025,  3.2, 0.0217,  .9847, 0.0217,  .8411, 1.00,42.112\r\n'
Thu Aug 29 16:17:07 2013||aeth||[1377818220.0, '"29-aug-13"', '"15:16"', 3120.0, 3.2000000000000002, 0.021700000000000001, 0.98119999999999996, 0.021700000000000001, 0.84089999999999998, 1.0, 42.453000000000003]||'1377818220,"29-aug-13","15:16",  3120,  3.2, 0.0217,  .9812, 0.0217,  .8409, 1.00,42.453\r\n'
Thu Aug 29 16:18:07 2013||aeth||[1377818280.0, '"29-aug-13"', '"15:17"', 4191.0, 3.2000000000000002, 0.021700000000000001, 0.97689999999999999, 0.021700000000000001, 0.84099999999999997, 1.0, 42.911999999999999]||'1377818280,"29-aug-13","15:17",  4191,  3.2, 0.0217,  .9769, 0.0217,  .8410, 1.00,42.912\r\n'
Thu Aug 29 16:19:08 2013||aeth||[1377818340.0, '"29-aug-13"', '"15:18"', 3200.0, 3.2000000000000002, 0.021700000000000001, 0.97419999999999995, 0.021700000000000001, 0.84150000000000003, 1.0, 43.262]||'1377818340,"29-aug-13","15:18",  3200,  3.2, 0.0217,  .9742, 0.0217,  .8415, 1.00,43.262\r\n'
Thu Aug 29 16:20:07 2013||aeth||[1377818400.0, '"29-aug-13"', '"15:19"', 2006.0, 3.2000000000000002, 0.021700000000000001, 0.97230000000000005, 0.021700000000000001, 0.8417, 1.0, 43.481000000000002]||'1377818400,"29-aug-13","15:19",  2006,  3.2, 0.0217,  .9723, 0.0217,  .8417, 1.00,43.481\r\n'
Thu Aug 29 16:21:08 2013||aeth||[1377818460.0, '"29-aug-13"', '"15:20"', 1366.0, 3.2000000000000002, 0.021700000000000001, 0.97070000000000001, 0.021700000000000001, 0.84160000000000001, 1.0, 43.630000000000003]||'1377818460,"29-aug-13","15:20",  1366,  3.2, 0.0217,  .9707, 0.0217,  .8416, 1.00,43.630\r\n'
Thu Aug 29 16:22:08 2013||aeth||[1377818520.0, '"29-aug-13"', '"15:21"', 1088.0, 3.2000000000000002, 0.021700000000000001, 0.96970000000000001, 0.021700000000000001, 0.84160000000000001, 1.0, 43.747999999999998]||'1377818520,"29-aug-13","15:21",  1088,  3.2, 0.0217,  .9697, 0.0217,  .8416, 1.00,43.748\r\n'
Thu Aug 29 16:23:06 2013||aeth||[1377818580.0, '"29-aug-13"', '"15:22"', 935.0, 3.2000000000000002, 0.021700000000000001, 0.96930000000000005, 0.021700000000000001, 0.84209999999999996, 1.0, 43.850999999999999]||'1377818580,"29-aug-13","15:22",   935,  3.2, 0.0217,  .9693, 0.0217,  .8421, 1.00,43.851\r\n'
Thu Aug 29 16:24:08 2013||aeth||[1377818640.0, '"29-aug-13"', '"15:23"', 964.0, 3.2000000000000002, 0.021700000000000001, 0.96850000000000003, 0.021700000000000001, 0.84230000000000005, 1.0, 43.956000000000003]||'1377818640,"29-aug-13","15:23",   964,  3.2, 0.0217,  .9685, 0.0217,  .8423, 1.00,43.956\r\n'
Thu Aug 29 16:25:08 2013||aeth||[1377818700.0, '"29-aug-13"', '"15:24"', 600.0, 3.2000000000000002, 0.021700000000000001, 0.9677, 0.021700000000000001, 0.84219999999999995, 1.0, 44.021000000000001]||'1377818700,"29-aug-13","15:24",   600,  3.2, 0.0217,  .9677, 0.0217,  .8422, 1.00,44.021\r\n'
Thu Aug 29 16:26:08 2013||aeth||[1377818760.0, '"29-aug-13"', '"15:25"', 1570.0, 3.2000000000000002, 0.021700000000000001, 0.96640000000000004, 0.021700000000000001, 0.84240000000000004, 1.0, 44.192]||'1377818760,"29-aug-13","15:25",  1570,  3.2, 0.0217,  .9664, 0.0217,  .8424, 1.00,44.192\r\n'
Thu Aug 29 16:27:08 2013||aeth||[1377818820.0, '"29-aug-13"', '"15:26"', 1867.0, 3.2000000000000002, 0.021700000000000001, 0.96499999999999997, 0.021700000000000001, 0.84289999999999998, 1.0, 44.396000000000001]||'1377818820,"29-aug-13","15:26",  1867,  3.2, 0.0217,  .9650, 0.0217,  .8429, 1.00,44.396\r\n'
Thu Aug 29 16:28:08 2013||aeth||[1377818880.0, '"29-aug-13"', '"15:27"', 1481.0, 3.2000000000000002, 0.021700000000000001, 0.9637, 0.021700000000000001, 0.84309999999999996, 1.0, 44.557000000000002]||'1377818880,"29-aug-13","15:27",  1481,  3.2, 0.0217,  .9637, 0.0217,  .8431, 1.00,44.557\r\n'
Thu Aug 29 16:29:00 2013||aeth||[1377818940.0, '"29-aug-13"', '"15:28"', 2197.0, 3.2000000000000002, 0.021700000000000001, 0.96120000000000005, 0.021700000000000001, 0.84279999999999999, 1.0, 44.796999999999997]||'1377818940,"29-aug-13","15:28",  2197,  3.2, 0.0217,  .9612, 0.0217,  .8428, 1.00,44.797\r\n'
Thu Aug 29 16:30:07 2013||aeth||[1377819000.0, '"29-aug-13"', '"15:29"', 3041.0, 3.2000000000000002, 0.021700000000000001, 0.95809999999999995, 0.021700000000000001, 0.84289999999999998, 1.0, 45.127000000000002]||'1377819000,"29-aug-13","15:29",  3041,  3.2, 0.0217,  .9581, 0.0217,  .8429, 1.00,45.127\r\n'
Thu Aug 29 16:31:06 2013||aeth||[1377819060.0, '"29-aug-13"', '"15:30"', 2565.0, 3.2000000000000002, 0.021700000000000001, 0.95599999999999996, 0.021700000000000001, 0.84330000000000005, 1.0, 45.405999999999999]||'1377819060,"29-aug-13","15:30",  2565,  3.2, 0.0217,  .9560, 0.0217,  .8433, 1.00,45.406\r\n'
Thu Aug 29 16:32:07 2013||aeth||[1377819120.0, '"29-aug-13"', '"15:31"', 2348.0, 3.2000000000000002, 0.021700000000000001, 0.95379999999999998, 0.021700000000000001, 0.84340000000000004, 1.0, 45.661000000000001]||'1377819120,"29-aug-13","15:31",  2348,  3.2, 0.0217,  .9538, 0.0217,  .8434, 1.00,45.661\r\n'
Thu Aug 29 16:33:08 2013||aeth||[1377819180.0, '"29-aug-13"', '"15:32"', 1795.0, 3.2000000000000002, 0.021700000000000001, 0.95179999999999998, 0.021700000000000001, 0.84330000000000005, 1.0, 45.856000000000002]||'1377819180,"29-aug-13","15:32",  1795,  3.2, 0.0217,  .9518, 0.0217,  .8433, 1.00,45.856\r\n'
Thu Aug 29 16:34:06 2013||aeth||[1377819240.0, '"29-aug-13"', '"15:33"', 1379.0, 3.2000000000000002, 0.021700000000000001, 0.95050000000000001, 0.021700000000000001, 0.84340000000000004, 1.0, 46.005000000000003]||'1377819240,"29-aug-13","15:33",  1379,  3.2, 0.0217,  .9505, 0.0217,  .8434, 1.00,46.005\r\n'
Thu Aug 29 16:35:08 2013||aeth||[1377819300.0, '"29-aug-13"', '"15:34"', 1451.0, 3.2000000000000002, 0.021700000000000001, 0.94950000000000001, 0.021700000000000001, 0.84379999999999999, 1.0, 46.162999999999997]||'1377819300,"29-aug-13","15:34",  1451,  3.2, 0.0217,  .9495, 0.0217,  .8438, 1.00,46.163\r\n'
Thu Aug 29 16:36:09 2013||aeth||[1377819360.0, '"29-aug-13"', '"15:35"', 4802.0, 3.2000000000000002, 0.021700000000000001, 0.94479999999999997, 0.021700000000000001, 0.84389999999999998, 1.0, 46.683999999999997]||'1377819360,"29-aug-13","15:35",  4802,  3.2, 0.0217,  .9448, 0.0217,  .8439, 1.00,46.684\r\n'
Thu Aug 29 16:37:08 2013||aeth||[1377819420.0, '"29-aug-13"', '"15:36"', 4679.0, 3.2000000000000002, 0.021700000000000001, 0.93989999999999996, 0.021700000000000001, 0.84370000000000001, 1.0, 47.191000000000003]||'1377819420,"29-aug-13","15:36",  4679,  3.2, 0.0217,  .9399, 0.0217,  .8437, 1.00,47.191\r\n'
Thu Aug 29 16:38:08 2013||aeth||[1377819480.0, '"29-aug-13"', '"15:37"', 6469.0, 3.2000000000000002, 0.021700000000000001, 0.93359999999999999, 0.021700000000000001, 0.84379999999999999, 1.0, 47.893000000000001]||'1377819480,"29-aug-13","15:37",  6469,  3.2, 0.0217,  .9336, 0.0217,  .8438, 1.00,47.893\r\n'
Thu Aug 29 16:39:07 2013||aeth||[1377819540.0, '"29-aug-13"', '"15:38"', 3924.0, 3.2000000000000002, 0.021700000000000001, 0.93000000000000005, 0.021700000000000001, 0.84399999999999997, 1.0, 48.317999999999998]||'1377819540,"29-aug-13","15:38",  3924,  3.2, 0.0217,  .9300, 0.0217,  .8440, 1.00,48.318\r\n'
Thu Aug 29 16:40:07 2013||aeth||[1377819600.0, '"29-aug-13"', '"15:39"', 3481.0, 3.2000000000000002, 0.021700000000000001, 0.92669999999999997, 0.021700000000000001, 0.84409999999999996, 1.0, 48.695]||'1377819600,"29-aug-13","15:39",  3481,  3.2, 0.0217,  .9267, 0.0217,  .8441, 1.00,48.695\r\n'
Thu Aug 29 16:41:08 2013||aeth||[1377819660.0, '"29-aug-13"', '"15:40"', 2613.0, 3.2000000000000002, 0.021700000000000001, 0.92379999999999995, 0.021700000000000001, 0.84379999999999999, 1.0, 48.978999999999999]||'1377819660,"29-aug-13","15:40",  2613,  3.2, 0.0217,  .9238, 0.0217,  .8438, 1.00,48.979\r\n'
Thu Aug 29 16:42:07 2013||aeth||[1377819720.0, '"29-aug-13"', '"15:41"', 1958.0, 3.2000000000000002, 0.021700000000000001, 0.92179999999999995, 0.021700000000000001, 0.84370000000000001, 1.0, 49.191000000000003]||'1377819720,"29-aug-13","15:41",  1958,  3.2, 0.0217,  .9218, 0.0217,  .8437, 1.00,49.191\r\n'
Thu Aug 29 16:43:00 2013||aeth||[1377819780.0, '"29-aug-13"', '"15:42"', 2969.0, 3.2000000000000002, 0.021700000000000001, 0.91930000000000001, 0.021700000000000001, 0.84409999999999996, 1.0, 49.514000000000003]||'1377819780,"29-aug-13","15:42",  2969,  3.2, 0.0217,  .9193, 0.0217,  .8441, 1.00,49.514\r\n'
Thu Aug 29 16:44:07 2013||aeth||[1377819840.0, '"29-aug-13"', '"15:43"', 2538.0, 3.2000000000000002, 0.021700000000000001, 0.91700000000000004, 0.021700000000000001, 0.84430000000000005, 1.0, 49.789999999999999]||'1377819840,"29-aug-13","15:43",  2538,  3.2, 0.0217,  .9170, 0.0217,  .8443, 1.00,49.790\r\n'
Thu Aug 29 16:45:07 2013||aeth||[1377819900.0, '"29-aug-13"', '"15:44"', 1483.0, 3.2000000000000002, 0.021700000000000001, 0.91520000000000001, 0.021700000000000001, 0.84399999999999997, 1.0, 49.951000000000001]||'1377819900,"29-aug-13","15:44",  1483,  3.2, 0.0217,  .9152, 0.0217,  .8440, 1.00,49.951\r\n'
Thu Aug 29 16:46:08 2013||aeth||[1377819960.0, '"29-aug-13"', '"15:45"', 1362.0, 3.2000000000000002, 0.021700000000000001, 0.91390000000000005, 0.021700000000000001, 0.84399999999999997, 1.0, 50.098999999999997]||'1377819960,"29-aug-13","15:45",  1362,  3.2, 0.0217,  .9139, 0.0217,  .8440, 1.00,50.099\r\n'
Thu Aug 29 16:47:07 2013||aeth||[1377820020.0, '"29-aug-13"', '"15:46"', 968.0, 3.2000000000000002, 0.021700000000000001, 0.9133, 0.021700000000000001, 0.84430000000000005, 1.0, 50.204000000000001]||'1377820020,"29-aug-13","15:46",   968,  3.2, 0.0217,  .9133, 0.0217,  .8443, 1.00,50.204\r\n'
Thu Aug 29 16:48:08 2013||aeth||[1377820080.0, '"29-aug-13"', '"15:47"', 887.0, 3.2000000000000002, 0.021700000000000001, 0.91249999999999998, 0.021700000000000001, 0.84440000000000004, 1.0, 50.299999999999997]||'1377820080,"29-aug-13","15:47",   887,  3.2, 0.0217,  .9125, 0.0217,  .8444, 1.00,50.300\r\n'
Thu Aug 29 16:49:07 2013||aeth||[1377820140.0, '"29-aug-13"', '"15:48"', 1296.0, 3.2000000000000002, 0.021700000000000001, 0.91090000000000004, 0.021700000000000001, 0.84399999999999997, 1.0, 50.441000000000003]||'1377820140,"29-aug-13","15:48",  1296,  3.2, 0.0217,  .9109, 0.0217,  .8440, 1.00,50.441\r\n'
Thu Aug 29 16:50:08 2013||aeth||[1377820200.0, '"29-aug-13"', '"15:49"', 1547.0, 3.2000000000000002, 0.021700000000000001, 0.90920000000000001, 0.021700000000000001, 0.84389999999999998, 1.0, 50.609999999999999]||'1377820200,"29-aug-13","15:49",  1547,  3.2, 0.0217,  .9092, 0.0217,  .8439, 1.00,50.610\r\n'
Thu Aug 29 16:51:08 2013||aeth||[1377820260.0, '"29-aug-13"', '"15:50"', 1935.0, 3.2000000000000002, 0.021700000000000001, 0.90759999999999996, 0.021700000000000001, 0.84409999999999996, 1.0, 50.82]||'1377820260,"29-aug-13","15:50",  1935,  3.2, 0.0217,  .9076, 0.0217,  .8441, 1.00,50.820\r\n'
Thu Aug 29 16:52:07 2013||aeth||[1377820320.0, '"29-aug-13"', '"15:51"', 1891.0, 3.2000000000000002, 0.021700000000000001, 0.90580000000000005, 0.021700000000000001, 0.84409999999999996, 1.0, 51.026000000000003]||'1377820320,"29-aug-13","15:51",  1891,  3.2, 0.0217,  .9058, 0.0217,  .8441, 1.00,51.026\r\n'
Thu Aug 29 16:53:00 2013||aeth||[1377820380.0, '"29-aug-13"', '"15:52"', 2129.0, 3.2000000000000002, 0.021700000000000001, 0.90329999999999999, 0.021700000000000001, 0.84370000000000001, 1.0, 51.258000000000003]||'1377820380,"29-aug-13","15:52",  2129,  3.2, 0.0217,  .9033, 0.0217,  .8437, 1.00,51.258\r\n'
Thu Aug 29 16:54:07 2013||aeth||[1377820440.0, '"29-aug-13"', '"15:53"', 2205.0, 3.2000000000000002, 0.021700000000000001, 0.90110000000000001, 0.021700000000000001, 0.84360000000000002, 1.0, 51.497999999999998]||'1377820440,"29-aug-13","15:53",  2205,  3.2, 0.0217,  .9011, 0.0217,  .8436, 1.00,51.498\r\n'
Thu Aug 29 16:55:08 2013||aeth||[1377820500.0, '"29-aug-13"', '"15:54"', 2314.0, 3.2000000000000002, 0.021700000000000001, 0.89910000000000001, 0.021700000000000001, 0.84379999999999999, 1.0, 51.75]||'1377820500,"29-aug-13","15:54",  2314,  3.2, 0.0217,  .8991, 0.0217,  .8438, 1.00,51.750\r\n'
Thu Aug 29 16:56:08 2013||aeth||[1377820560.0, '"29-aug-13"', '"15:55"', 1920.0, 3.2000000000000002, 0.021700000000000001, 0.8972, 0.021700000000000001, 0.84379999999999999, 1.0, 51.959000000000003]||'1377820560,"29-aug-13","15:55",  1920,  3.2, 0.0217,  .8972, 0.0217,  .8438, 1.00,51.959\r\n'
Thu Aug 29 16:57:07 2013||aeth||[1377820620.0, '"29-aug-13"', '"15:56"', 1840.0, 3.2000000000000002, 0.021700000000000001, 0.89510000000000001, 0.021700000000000001, 0.84340000000000004, 1.0, 52.158999999999999]||'1377820620,"29-aug-13","15:56",  1840,  3.2, 0.0217,  .8951, 0.0217,  .8434, 1.00,52.159\r\n'
Thu Aug 29 16:58:08 2013||aeth||[1377820680.0, '"29-aug-13"', '"15:57"', 2320.0, 3.2000000000000002, 0.021700000000000001, 0.89270000000000005, 0.021700000000000001, 0.84319999999999995, 1.0, 52.411999999999999]||'1377820680,"29-aug-13","15:57",  2320,  3.2, 0.0217,  .8927, 0.0217,  .8432, 1.00,52.412\r\n'
Thu Aug 29 16:59:07 2013||aeth||[1377820740.0, '"29-aug-13"', '"15:58"', 2616.0, 3.2000000000000002, 0.021700000000000001, 0.89039999999999997, 0.021700000000000001, 0.84340000000000004, 1.0, 52.697000000000003]||'1377820740,"29-aug-13","15:58",  2616,  3.2, 0.0217,  .8904, 0.0217,  .8434, 1.00,52.697\r\n'
Thu Aug 29 17:00:00 2013||aeth||[1377820800.0, '"29-aug-13"', '"15:59"', 1745.0, 3.2000000000000002, 0.021700000000000001, 0.88870000000000005, 0.021700000000000001, 0.84340000000000004, 1.0, 52.887]||'1377820800,"29-aug-13","15:59",  1745,  3.2, 0.0217,  .8887, 0.0217,  .8434, 1.00,52.887\r\n'
Thu Aug 29 17:01:08 2013||aeth||[1377820860.0, '"29-aug-13"', '"16:00"', 1732.0, 3.2000000000000002, 0.021700000000000001, 0.88670000000000004, 0.021700000000000001, 0.84299999999999997, 1.0, 53.076000000000001]||'1377820860,"29-aug-13","16:00",  1732,  3.2, 0.0217,  .8867, 0.0217,  .8430, 1.00,53.076\r\n'
Thu Aug 29 17:02:08 2013||aeth||[1377820920.0, '"29-aug-13"', '"16:01"', 2653.0, 3.2000000000000002, 0.021700000000000001, 0.88400000000000001, 0.021700000000000001, 0.84279999999999999, 1.0, 53.365000000000002]||'1377820920,"29-aug-13","16:01",  2653,  3.2, 0.0217,  .8840, 0.0217,  .8428, 1.00,53.365\r\n'
Thu Aug 29 17:03:08 2013||aeth||[1377820980.0, '"29-aug-13"', '"16:02"', 1611.0, 3.2000000000000002, 0.021700000000000001, 0.88260000000000005, 0.021700000000000001, 0.84299999999999997, 1.0, 53.540999999999997]||'1377820980,"29-aug-13","16:02",  1611,  3.2, 0.0217,  .8826, 0.0217,  .8430, 1.00,53.541\r\n'
Thu Aug 29 17:04:08 2013||aeth||[1377821040.0, '"29-aug-13"', '"16:03"', 1585.0, 3.2000000000000002, 0.021700000000000001, 0.88109999999999999, 0.021700000000000001, 0.84289999999999998, 1.0, 53.713999999999999]||'1377821040,"29-aug-13","16:03",  1585,  3.2, 0.0217,  .8811, 0.0217,  .8429, 1.00,53.714\r\n'
Thu Aug 29 17:05:07 2013||aeth||[1377821100.0, '"29-aug-13"', '"16:04"', 1968.0, 3.2000000000000002, 0.021700000000000001, 0.87880000000000003, 0.021700000000000001, 0.84250000000000003, 1.0, 53.929000000000002]||'1377821100,"29-aug-13","16:04",  1968,  3.2, 0.0217,  .8788, 0.0217,  .8425, 1.00,53.929\r\n'
Thu Aug 29 17:06:08 2013||aeth||[1377821160.0, '"29-aug-13"', '"16:05"', 2117.0, 3.2000000000000002, 0.021700000000000001, 0.87670000000000003, 0.021700000000000001, 0.84230000000000005, 1.0, 54.158999999999999]||'1377821160,"29-aug-13","16:05",  2117,  3.2, 0.0217,  .8767, 0.0217,  .8423, 1.00,54.159\r\n'
Thu Aug 29 17:07:07 2013||aeth||[1377821220.0, '"29-aug-13"', '"16:06"', 2128.0, 3.2000000000000002, 0.021700000000000001, 0.87490000000000001, 0.021700000000000001, 0.84250000000000003, 1.0, 54.392000000000003]||'1377821220,"29-aug-13","16:06",  2128,  3.2, 0.0217,  .8749, 0.0217,  .8425, 1.00,54.392\r\n'
Thu Aug 29 17:08:07 2013||aeth||[1377821280.0, '"29-aug-13"', '"16:07"', 2627.0, 3.2000000000000002, 0.021700000000000001, 0.87239999999999995, 0.021700000000000001, 0.84250000000000003, 1.0, 54.677999999999997]||'1377821280,"29-aug-13","16:07",  2627,  3.2, 0.0217,  .8724, 0.0217,  .8425, 1.00,54.678\r\n'
Thu Aug 29 17:09:08 2013||aeth||[1377821340.0, '"29-aug-13"', '"16:08"', 2723.0, 3.2000000000000002, 0.021700000000000001, 0.86950000000000005, 0.021700000000000001, 0.84209999999999996, 1.0, 54.975000000000001]||'1377821340,"29-aug-13","16:08",  2723,  3.2, 0.0217,  .8695, 0.0217,  .8421, 1.00,54.975\r\n'
Thu Aug 29 17:10:09 2013||aeth||[1377821400.0, '"29-aug-13"', '"16:09"', 2067.0, 3.2000000000000002, 0.021700000000000001, 0.86780000000000002, 0.021700000000000001, 0.84230000000000005, 1.0, 55.200000000000003]||'1377821400,"29-aug-13","16:09",  2067,  3.2, 0.0217,  .8678, 0.0217,  .8423, 1.00,55.200\r\n'
Thu Aug 29 17:11:08 2013||aeth||[1377821460.0, '"29-aug-13"', '"16:10"', 3267.0, 3.2000000000000002, 0.021700000000000001, 0.86519999999999997, 0.021700000000000001, 0.84279999999999999, 1.0, 55.555999999999997]||'1377821460,"29-aug-13","16:10",  3267,  3.2, 0.0217,  .8652, 0.0217,  .8428, 1.00,55.556\r\n'
Thu Aug 29 17:12:07 2013||aeth||[1377821520.0, '"29-aug-13"', '"16:11"', 3806.0, 3.2000000000000002, 0.021700000000000001, 0.86199999999999999, 0.021700000000000001, 0.84299999999999997, 1.0, 55.970999999999997]||'1377821520,"29-aug-13","16:11",  3806,  3.2, 0.0217,  .8620, 0.0217,  .8430, 1.00,55.971\r\n'
Thu Aug 29 17:13:07 2013||aeth||[1377821580.0, '"29-aug-13"', '"16:12"', 2878.0, 3.2000000000000002, 0.021700000000000001, 0.85909999999999997, 0.021700000000000001, 0.8427, 1.0, 56.283999999999999]||'1377821580,"29-aug-13","16:12",  2878,  3.2, 0.0217,  .8591, 0.0217,  .8427, 1.00,56.284\r\n'
