Thu Aug 29 17:43:00 2013||metone||None
Thu Aug 29 17:44:00 2013||metone||[1377823440.0, '29-AUG-2013  17:39:49', 242089.16666666666, 176201.66666666666, 105081.5, 60260.666666666664, 18950.5, 48.833333333333336, 2.0, 10.0, 0.0]||'1377823440,29-AUG-2013  17:39:49, 0.3,     277152, 0.5,     208285, 0.7,     127824, 1.0,      75272, 2.0,      24336, 5.0,        133,,,  2, 10,,,0\r\n'||'1377823440,29-AUG-2013  17:39:59, 0.3,     270875, 0.5,     202156, 0.7,     122464, 1.0,      71648, 2.0,      23054, 5.0,         50,,,  2, 10,,,0\r\n'||'1377823440,29-AUG-2013  17:40:09, 0.3,     248115, 0.5,     182935, 0.7,     109966, 1.0,      63287, 2.0,      20009, 5.0,         48,,,  2, 10,,,0\r\n'||'1377823440,29-AUG-2013  17:40:19, 0.3,     238713, 0.5,     172285, 0.7,     101574, 1.0,      57706, 2.0,      17785, 5.0,         19,,,  2, 10,,,0\r\n'||'1377823440,29-AUG-2013  17:40:29, 0.3,     210139, 0.5,     147259, 0.7,      85229, 1.0,      47203, 2.0,      14377, 5.0,         27,,,  2, 10,,,0\r\n'||'1377823440,29-AUG-2013  17:40:39, 0.3,     207541, 0.5,     144290, 0.7,      83432, 1.0,      46448, 2.0,      14142, 5.0,         16,,,  2, 10,,,0\r\n'
Thu Aug 29 17:45:30 2013||metone||[1377823500.0, '29-AUG-2013  17:40:49', 177562.22222222222, 116681.66666666667, 65903.444444444438, 36149.222222222219, 10864.0, 15.777777777777779, 2.0, 10.0, 0.0]||'1377823500,29-AUG-2013  17:40:49, 0.3,     188539, 0.5,     125111, 0.7,      71607, 1.0,      39083, 2.0,      11855, 5.0,          8,,,  2, 10,,,0\r\n'||'1377823500,29-AUG-2013  17:40:59, 0.3,     180561, 0.5,     118827, 0.7,      66902, 1.0,      36559, 2.0,      10972, 5.0,         19,,,  2, 10,,,0\r\n'||'1377823500,29-AUG-2013  17:41:09, 0.3,     188693, 0.5,     127691, 0.7,      73063, 1.0,      40272, 2.0,      12131, 5.0,         16,,,  2, 10,,,0\r\n'||'1377823500,29-AUG-2013  17:41:19, 0.3,     188337, 0.5,     124671, 0.7,      70734, 1.0,      38933, 2.0,      11732, 5.0,         23,,,  2, 10,,,0\r\n'||'1377823500,29-AUG-2013  17:41:29, 0.3,     179989, 0.5,     118919, 0.7,      67027, 1.0,      36442, 2.0,      10883, 5.0,          4,,,  2, 10,,,0\r\n'||'1377823500,29-AUG-2013  17:41:39, 0.3,     176282, 0.5,     116975, 0.7,      66871, 1.0,      37625, 2.0,      11947, 5.0,         33,,,  2, 10,,,0\r\n'||'1377823500,29-AUG-2013  17:41:49, 0.3,     172912, 0.5,     113684, 0.7,      63914, 1.0,      35470, 2.0,      10611, 5.0,         19,,,  2, 10,,,0\r\n'||'1377823500,29-AUG-2013  17:41:59, 0.3,     160652, 0.5,     102809, 0.7,      57543, 1.0,      31017, 2.0,       9060, 5.0,          8,,,  2, 10,,,0\r\n'||'1377823500,29-AUG-2013  17:42:09, 0.3,     162095, 0.5,     101448, 0.7,      55470, 1.0,      29942, 2.0,       8585, 5.0,         12,,,  2, 10,,,0\r\n'
Thu Aug 29 17:46:30 2013||metone||[1377823560.0, '29-AUG-2013  17:42:19', 149023.5, 84114.333333333328, 44819.666666666664, 23966.5, 7297.0, 19.5, 2.0, 10.0, 0.0]||'1377823560,29-AUG-2013  17:42:19, 0.3,     159988, 0.5,      99895, 0.7,      55854, 1.0,      30616, 2.0,       9382, 5.0,         12,,,  2, 10,,,0\r\n'||'1377823560,29-AUG-2013  17:42:29, 0.3,     154635, 0.5,      92123, 0.7,      49996, 1.0,      26909, 2.0,       8013, 5.0,         16,,,  2, 10,,,0\r\n'||'1377823560,29-AUG-2013  17:42:39, 0.3,     149482, 0.5,      85178, 0.7,      45530, 1.0,      23847, 2.0,       6968, 5.0,         10,,,  2, 10,,,0\r\n'||'1377823560,29-AUG-2013  17:42:49, 0.3,     149332, 0.5,      79896, 0.7,      41177, 1.0,      21577, 2.0,       6307, 5.0,         16,,,  2, 10,,,0\r\n'||'1377823560,29-AUG-2013  17:42:59, 0.3,     145528, 0.5,      77792, 0.7,      39916, 1.0,      21331, 2.0,       6695, 5.0,         21,,,  2, 10,,,0\r\n'||'1377823560,29-AUG-2013  17:43:09, 0.3,     135176, 0.5,      69802, 0.7,      36445, 1.0,      19519, 2.0,       6417, 5.0,         42,,,  2, 10,,,0\r\n'
Thu Aug 29 17:47:30 2013||metone||[1377823620.0, '29-AUG-2013  17:43:19', 176475.33333333334, 94711.166666666672, 47151.0, 24093.0, 6756.833333333333, 17.333333333333332, 2.0, 10.0, 0.0]||'1377823620,29-AUG-2013  17:43:19, 0.3,     131175, 0.5,      62397, 0.7,      31816, 1.0,      16643, 2.0,       5124, 5.0,         16,,,  2, 10,,,0\r\n'||'1377823620,29-AUG-2013  17:43:29, 0.3,     156008, 0.5,      69547, 0.7,      31684, 1.0,      15611, 2.0,       4251, 5.0,         14,,,  2, 10,,,0\r\n'||'1377823620,29-AUG-2013  17:43:39, 0.3,     187144, 0.5,      89554, 0.7,      40671, 1.0,      19913, 2.0,       5338, 5.0,         16,,,  2, 10,,,0\r\n'||'1377823620,29-AUG-2013  17:43:49, 0.3,     180260, 0.5,      96101, 0.7,      47294, 1.0,      23932, 2.0,       6572, 5.0,          6,,,  2, 10,,,0\r\n'||'1377823620,29-AUG-2013  17:43:59, 0.3,     209245, 0.5,     130707, 0.7,      68354, 1.0,      35586, 2.0,      10069, 5.0,         25,,,  2, 10,,,0\r\n'||'1377823620,29-AUG-2013  17:44:09, 0.3,     195020, 0.5,     119961, 0.7,      63087, 1.0,      32873, 2.0,       9187, 5.0,         27,,,  2, 10,,,0\r\n'
Thu Aug 29 17:48:30 2013||metone||[1377823680.0, '29-AUG-2013  17:44:19', 150057.66666666666, 83099.666666666672, 43262.0, 22866.5, 6810.666666666667, 23.5, 2.0, 10.0, 0.0]||'1377823680,29-AUG-2013  17:44:19, 0.3,     167459, 0.5,      95385, 0.7,      49534, 1.0,      25426, 2.0,       7102, 5.0,          4,,,  2, 10,,,0\r\n'||'1377823680,29-AUG-2013  17:44:29, 0.3,     154931, 0.5,      84339, 0.7,      44312, 1.0,      23932, 2.0,       7591, 5.0,         23,,,  2, 10,,,0\r\n'||'1377823680,29-AUG-2013  17:44:39, 0.3,     149319, 0.5,      82592, 0.7,      43301, 1.0,      23222, 2.0,       7456, 5.0,         48,,,  2, 10,,,0\r\n'||'1377823680,29-AUG-2013  17:44:49, 0.3,     139642, 0.5,      75552, 0.7,      39308, 1.0,      20678, 2.0,       6052, 5.0,          6,,,  2, 10,,,0\r\n'||'1377823680,29-AUG-2013  17:44:59, 0.3,     141937, 0.5,      78303, 0.7,      41012, 1.0,      21840, 2.0,       6589, 5.0,         52,,,  2, 10,,,0\r\n'||'1377823680,29-AUG-2013  17:45:09, 0.3,     147058, 0.5,      82427, 0.7,      42105, 1.0,      22101, 2.0,       6074, 5.0,          8,,,  2, 10,,,0\r\n'
Thu Aug 29 17:49:30 2013||metone||[1377823740.0, '29-AUG-2013  17:45:19', 156624.16666666666, 88387.666666666672, 46015.833333333336, 24326.666666666668, 7413.166666666667, 35.166666666666664, 2.0, 10.0, 0.0]||'1377823740,29-AUG-2013  17:45:19, 0.3,     161080, 0.5,      97220, 0.7,      51463, 1.0,      27783, 2.0,       8683, 5.0,         52,,,  2, 10,,,0\r\n'||'1377823740,29-AUG-2013  17:45:29, 0.3,     154098, 0.5,      89455, 0.7,      47133, 1.0,      24981, 2.0,       7843, 5.0,         40,,,  2, 10,,,0\r\n'||'1377823740,29-AUG-2013  17:45:39, 0.3,     153850, 0.5,      87759, 0.7,      45937, 1.0,      24334, 2.0,       7445, 5.0,         29,,,  2, 10,,,0\r\n'||'1377823740,29-AUG-2013  17:45:49, 0.3,     155406, 0.5,      87306, 0.7,      45001, 1.0,      23802, 2.0,       7227, 5.0,         55,,,  2, 10,,,0\r\n'||'1377823740,29-AUG-2013  17:45:59, 0.3,     165615, 0.5,      85708, 0.7,      42896, 1.0,      21556, 2.0,       5870, 5.0,          2,,,  2, 10,,,0\r\n'||'1377823740,29-AUG-2013  17:46:09, 0.3,     149696, 0.5,      82878, 0.7,      43665, 1.0,      23504, 2.0,       7411, 5.0,         33,,,  2, 10,,,0\r\n'
Thu Aug 29 17:50:30 2013||metone||[1377823800.0, '29-AUG-2013  17:46:19', 140359.66666666666, 73145.0, 37100.5, 19228.166666666668, 5692.333333333333, 24.666666666666668, 2.0, 10.0, 0.0]||'1377823800,29-AUG-2013  17:46:19, 0.3,     162481, 0.5,      87215, 0.7,      44600, 1.0,      23273, 2.0,       7036, 5.0,         38,,,  2, 10,,,0\r\n'||'1377823800,29-AUG-2013  17:46:29, 0.3,     158416, 0.5,      83432, 0.7,      42498, 1.0,      22355, 2.0,       6883, 5.0,         23,,,  2, 10,,,0\r\n'||'1377823800,29-AUG-2013  17:46:39, 0.3,     135056, 0.5,      69749, 0.7,      35622, 1.0,      18718, 2.0,       5891, 5.0,         61,,,  2, 10,,,0\r\n'||'1377823800,29-AUG-2013  17:46:49, 0.3,     128558, 0.5,      65523, 0.7,      32994, 1.0,      16560, 2.0,       4507, 5.0,          8,,,  2, 10,,,0\r\n'||'1377823800,29-AUG-2013  17:46:59, 0.3,     133108, 0.5,      70637, 0.7,      35448, 1.0,      18059, 2.0,       5012, 5.0,         14,,,  2, 10,,,0\r\n'||'1377823800,29-AUG-2013  17:47:09, 0.3,     124539, 0.5,      62314, 0.7,      31441, 1.0,      16404, 2.0,       4825, 5.0,          4,,,  2, 10,,,0\r\n'
Thu Aug 29 17:51:30 2013||metone||[1377823860.0, '29-AUG-2013  17:47:19', 115619.0, 55027.833333333336, 27324.0, 13910.0, 4000.6666666666665, 13.666666666666666, 2.0, 10.0, 0.0]||'1377823860,29-AUG-2013  17:47:19, 0.3,     117367, 0.5,      56721, 0.7,      28181, 1.0,      14252, 2.0,       3997, 5.0,         10,,,  2, 10,,,0\r\n'||'1377823860,29-AUG-2013  17:47:29, 0.3,     113777, 0.5,      53548, 0.7,      26814, 1.0,      13614, 2.0,       3878, 5.0,         12,,,  2, 10,,,0\r\n'||'1377823860,29-AUG-2013  17:47:39, 0.3,     110803, 0.5,      51596, 0.7,      25631, 1.0,      13373, 2.0,       4238, 5.0,         21,,,  2, 10,,,0\r\n'||'1377823860,29-AUG-2013  17:47:49, 0.3,     111806, 0.5,      51696, 0.7,      25180, 1.0,      12771, 2.0,       3658, 5.0,         12,,,  2, 10,,,0\r\n'||'1377823860,29-AUG-2013  17:47:59, 0.3,     120008, 0.5,      58247, 0.7,      28639, 1.0,      14284, 2.0,       3829, 5.0,          8,,,  2, 10,,,0\r\n'||'1377823860,29-AUG-2013  17:48:09, 0.3,     119953, 0.5,      58359, 0.7,      29499, 1.0,      15166, 2.0,       4404, 5.0,         19,,,  2, 10,,,0\r\n'
Thu Aug 29 17:52:30 2013||metone||[1377823920.0, '29-AUG-2013  17:48:19', 133622.83333333334, 66846.5, 34210.0, 17844.333333333332, 5154.5, 16.0, 2.0, 10.0, 0.0]||'1377823920,29-AUG-2013  17:48:19, 0.3,     122683, 0.5,      57323, 0.7,      28323, 1.0,      14443, 2.0,       4024, 5.0,         12,,,  2, 10,,,0\r\n'||'1377823920,29-AUG-2013  17:48:29, 0.3,     132144, 0.5,      65514, 0.7,      33789, 1.0,      17499, 2.0,       5249, 5.0,         33,,,  2, 10,,,0\r\n'||'1377823920,29-AUG-2013  17:48:39, 0.3,     136179, 0.5,      70283, 0.7,      36057, 1.0,      18771, 2.0,       5298, 5.0,          8,,,  2, 10,,,0\r\n'||'1377823920,29-AUG-2013  17:48:49, 0.3,     134524, 0.5,      67788, 0.7,      35359, 1.0,      18864, 2.0,       5646, 5.0,         21,,,  2, 10,,,0\r\n'||'1377823920,29-AUG-2013  17:48:59, 0.3,     134142, 0.5,      66012, 0.7,      34067, 1.0,      18023, 2.0,       5342, 5.0,         10,,,  2, 10,,,0\r\n'||'1377823920,29-AUG-2013  17:49:09, 0.3,     142065, 0.5,      74159, 0.7,      37665, 1.0,      19466, 2.0,       5368, 5.0,         12,,,  2, 10,,,0\r\n'
Thu Aug 29 17:53:30 2013||metone||[1377823980.0, '29-AUG-2013  17:49:19', 143462.0, 76903.0, 39519.5, 20491.833333333332, 5833.333333333333, 12.5, 2.0, 10.0, 0.0]||'1377823980,29-AUG-2013  17:49:19, 0.3,     143139, 0.5,      80500, 0.7,      41851, 1.0,      21638, 2.0,       5951, 5.0,         14,,,  2, 10,,,0\r\n'||'1377823980,29-AUG-2013  17:49:29, 0.3,     147342, 0.5,      83230, 0.7,      44123, 1.0,      23143, 2.0,       6782, 5.0,          8,,,  2, 10,,,0\r\n'||'1377823980,29-AUG-2013  17:49:39, 0.3,     137667, 0.5,      73901, 0.7,      38191, 1.0,      19941, 2.0,       5821, 5.0,         25,,,  2, 10,,,0\r\n'||'1377823980,29-AUG-2013  17:49:49, 0.3,     144222, 0.5,      74214, 0.7,      37911, 1.0,      19937, 2.0,       5872, 5.0,         16,,,  2, 10,,,0\r\n'||'1377823980,29-AUG-2013  17:49:59, 0.3,     145769, 0.5,      73102, 0.7,      36481, 1.0,      18646, 2.0,       5126, 5.0,          6,,,  2, 10,,,0\r\n'||'1377823980,29-AUG-2013  17:50:09, 0.3,     142633, 0.5,      76471, 0.7,      38560, 1.0,      19646, 2.0,       5448, 5.0,          6,,,  2, 10,,,0\r\n'
Thu Aug 29 17:54:02 2013||metone||[1377824040.0, '29-AUG-2013  17:50:19', 156737.0, 89996.666666666672, 46675.0, 24498.0, 7129.333333333333, 15.0, 2.0, 10.0, 0.0]||'1377824040,29-AUG-2013  17:50:19, 0.3,     157786, 0.5,      90281, 0.7,      46620, 1.0,      24614, 2.0,       7106, 5.0,         10,,,  2, 10,,,0\r\n'||'1377824040,29-AUG-2013  17:50:29, 0.3,     154395, 0.5,      87736, 0.7,      45751, 1.0,      24016, 2.0,       7163, 5.0,         23,,,  2, 10,,,0\r\n'||'1377824040,29-AUG-2013  17:50:39, 0.3,     158030, 0.5,      91973, 0.7,      47654, 1.0,      24864, 2.0,       7119, 5.0,         12,,,  2, 10,,,0\r\n'
Thu Aug 29 17:55:00 2013||metone||[1377824100.0, '29-AUG-2013  17:50:49', 144152.83333333334, 78937.5, 40624.0, 21014.333333333332, 5983.5, 11.5, 2.0, 10.0, 0.0]||'1377824100,29-AUG-2013  17:50:49, 0.3,     140630, 0.5,      75884, 0.7,      38327, 1.0,      19515, 2.0,       5444, 5.0,         12,,,  2, 10,,,0\r\n'||'1377824100,29-AUG-2013  17:50:59, 0.3,     157680, 0.5,      90523, 0.7,      46524, 1.0,      23868, 2.0,       6837, 5.0,         14,,,  2, 10,,,0\r\n'||'1377824100,29-AUG-2013  17:51:09, 0.3,     164789, 0.5,      96915, 0.7,      50100, 1.0,      25547, 2.0,       6826, 5.0,          4,,,  2, 10,,,0\r\n'||'1377824100,29-AUG-2013  17:51:19, 0.3,     136535, 0.5,      71942, 0.7,      37869, 1.0,      20271, 2.0,       6584, 5.0,         21,,,  2, 10,,,0\r\n'||'1377824100,29-AUG-2013  17:51:29, 0.3,     129223, 0.5,      66703, 0.7,      33933, 1.0,      17847, 2.0,       4957, 5.0,         12,,,  2, 10,,,0\r\n'||'1377824100,29-AUG-2013  17:51:39, 0.3,     136060, 0.5,      71658, 0.7,      36991, 1.0,      19038, 2.0,       5253, 5.0,          6,,,  2, 10,,,0\r\n'
Thu Aug 29 17:56:00 2013||metone||[1377824160.0, '29-AUG-2013  17:51:49', 152701.83333333334, 86456.166666666672, 45683.166666666664, 23968.166666666668, 6736.0, 8.6666666666666661, 2.0, 10.0, 0.0]||'1377824160,29-AUG-2013  17:51:49, 0.3,     145759, 0.5,      80392, 0.7,      42411, 1.0,      22122, 2.0,       6194, 5.0,         10,,,  2, 10,,,0\r\n'||'1377824160,29-AUG-2013  17:51:59, 0.3,     152413, 0.5,      81914, 0.7,      43174, 1.0,      22906, 2.0,       6392, 5.0,          6,,,  2, 10,,,0\r\n'||'1377824160,29-AUG-2013  17:52:09, 0.3,     157350, 0.5,      88889, 0.7,      47052, 1.0,      24743, 2.0,       6868, 5.0,         10,,,  2, 10,,,0\r\n'||'1377824160,29-AUG-2013  17:52:19, 0.3,     162406, 0.5,      98322, 0.7,      52577, 1.0,      27694, 2.0,       7740, 5.0,         10,,,  2, 10,,,0\r\n'||'1377824160,29-AUG-2013  17:52:29, 0.3,     152259, 0.5,      86971, 0.7,      46154, 1.0,      24286, 2.0,       6926, 5.0,         12,,,  2, 10,,,0\r\n'||'1377824160,29-AUG-2013  17:52:39, 0.3,     146024, 0.5,      82249, 0.7,      42731, 1.0,      22058, 2.0,       6296, 5.0,          4,,,  2, 10,,,0\r\n'
Thu Aug 29 17:57:00 2013||metone||[1377824220.0, '29-AUG-2013  17:52:49', 151124.0, 86469.333333333328, 44865.666666666664, 23267.0, 6549.5, 12.833333333333334, 2.0, 10.0, 0.0]||'1377824220,29-AUG-2013  17:52:49, 0.3,     154527, 0.5,      89923, 0.7,      47241, 1.0,      24841, 2.0,       7121, 5.0,         12,,,  2, 10,,,0\r\n'||'1377824220,29-AUG-2013  17:52:59, 0.3,     143548, 0.5,      80526, 0.7,      41616, 1.0,      21412, 2.0,       6264, 5.0,         12,,,  2, 10,,,0\r\n'||'1377824220,29-AUG-2013  17:53:09, 0.3,     143955, 0.5,      78934, 0.7,      40601, 1.0,      20967, 2.0,       5703, 5.0,         12,,,  2, 10,,,0\r\n'||'1377824220,29-AUG-2013  17:53:19, 0.3,     159403, 0.5,      92320, 0.7,      47747, 1.0,      24472, 2.0,       6697, 5.0,          4,,,  2, 10,,,0\r\n'||'1377824220,29-AUG-2013  17:53:29, 0.3,     147997, 0.5,      84233, 0.7,      43771, 1.0,      22791, 2.0,       6377, 5.0,          8,,,  2, 10,,,0\r\n'||'1377824220,29-AUG-2013  17:53:39, 0.3,     157314, 0.5,      92880, 0.7,      48218, 1.0,      25119, 2.0,       7135, 5.0,         29,,,  2, 10,,,0\r\n'
Thu Aug 29 17:58:00 2013||metone||[1377824280.0, '29-AUG-2013  17:53:49', 162732.83333333334, 96959.0, 51694.666666666664, 27362.666666666668, 7882.333333333333, 16.333333333333332, 2.0, 10.0, 0.0]||'1377824280,29-AUG-2013  17:53:49, 0.3,     152261, 0.5,      88209, 0.7,      46018, 1.0,      24010, 2.0,       6919, 5.0,         10,,,  2, 10,,,0\r\n'||'1377824280,29-AUG-2013  17:53:59, 0.3,     151638, 0.5,      86530, 0.7,      45249, 1.0,      23643, 2.0,       6644, 5.0,         29,,,  2, 10,,,0\r\n'||'1377824280,29-AUG-2013  17:54:09, 0.3,     163305, 0.5,      97477, 0.7,      51689, 1.0,      27340, 2.0,       8047, 5.0,         12,,,  2, 10,,,0\r\n'||'1377824280,29-AUG-2013  17:54:19, 0.3,     160507, 0.5,      95357, 0.7,      50791, 1.0,      26611, 2.0,       7634, 5.0,         10,,,  2, 10,,,0\r\n'||'1377824280,29-AUG-2013  17:54:29, 0.3,     163485, 0.5,      96941, 0.7,      52062, 1.0,      27566, 2.0,       7788, 5.0,         16,,,  2, 10,,,0\r\n'||'1377824280,29-AUG-2013  17:54:39, 0.3,     185201, 0.5,     117240, 0.7,      64359, 1.0,      35006, 2.0,      10262, 5.0,         21,,,  2, 10,,,0\r\n'
Thu Aug 29 17:59:00 2013||metone||[1377824340.0, '29-AUG-2013  17:54:49', 180602.83333333334, 116774.66666666667, 65472.5, 35978.0, 10821.666666666666, 18.833333333333332, 2.0, 10.0, 0.0]||'1377824340,29-AUG-2013  17:54:49, 0.3,     196556, 0.5,     130304, 0.7,      72866, 1.0,      39526, 2.0,      11514, 5.0,         21,,,  2, 10,,,0\r\n'||'1377824340,29-AUG-2013  17:54:59, 0.3,     163494, 0.5,     100777, 0.7,      55104, 1.0,      29885, 2.0,       8761, 5.0,          8,,,  2, 10,,,0\r\n'||'1377824340,29-AUG-2013  17:55:09, 0.3,     172043, 0.5,     107949, 0.7,      59639, 1.0,      32341, 2.0,       9085, 5.0,          8,,,  2, 10,,,0\r\n'||'1377824340,29-AUG-2013  17:55:19, 0.3,     181326, 0.5,     117990, 0.7,      66966, 1.0,      37651, 2.0,      11919, 5.0,         52,,,  2, 10,,,0\r\n'||'1377824340,29-AUG-2013  17:55:29, 0.3,     185171, 0.5,     122202, 0.7,      69774, 1.0,      38918, 2.0,      12294, 5.0,         12,,,  2, 10,,,0\r\n'||'1377824340,29-AUG-2013  17:55:39, 0.3,     185027, 0.5,     121426, 0.7,      68486, 1.0,      37547, 2.0,      11357, 5.0,         12,,,  2, 10,,,0\r\n'
Thu Aug 29 18:00:00 2013||metone||[1377824400.0, '29-AUG-2013  17:55:49', 171326.5, 107804.0, 59361.0, 32107.0, 9332.3333333333339, 16.833333333333332, 2.0, 10.0, 0.0]||'1377824400,29-AUG-2013  17:55:49, 0.3,     178293, 0.5,     115805, 0.7,      64726, 1.0,      35222, 2.0,      10107, 5.0,          4,,,  2, 10,,,0\r\n'||'1377824400,29-AUG-2013  17:55:59, 0.3,     173075, 0.5,     108845, 0.7,      59845, 1.0,      32346, 2.0,       9395, 5.0,         21,,,  2, 10,,,0\r\n'||'1377824400,29-AUG-2013  17:56:09, 0.3,     177225, 0.5,     112628, 0.7,      62051, 1.0,      33533, 2.0,       9700, 5.0,         14,,,  2, 10,,,0\r\n'||'1377824400,29-AUG-2013  17:56:19, 0.3,     173404, 0.5,     108620, 0.7,      59171, 1.0,      31977, 2.0,       9143, 5.0,         23,,,  2, 10,,,0\r\n'||'1377824400,29-AUG-2013  17:56:29, 0.3,     166728, 0.5,     103286, 0.7,      56344, 1.0,      30152, 2.0,       8676, 5.0,         14,,,  2, 10,,,0\r\n'||'1377824400,29-AUG-2013  17:56:39, 0.3,     159234, 0.5,      97640, 0.7,      54029, 1.0,      29412, 2.0,       8973, 5.0,         25,,,  2, 10,,,0\r\n'
Thu Aug 29 18:01:00 2013||metone||[1377824460.0, '29-AUG-2013  17:56:49', 142965.16666666666, 80119.833333333328, 42495.666666666664, 22606.5, 6711.333333333333, 23.166666666666668, 2.0, 10.0, 0.0]||'1377824460,29-AUG-2013  17:56:49, 0.3,     150205, 0.5,      88503, 0.7,      47643, 1.0,      25424, 2.0,       7672, 5.0,         14,,,  2, 10,,,0\r\n'||'1377824460,29-AUG-2013  17:56:59, 0.3,     144091, 0.5,      82779, 0.7,      44981, 1.0,      24735, 2.0,       7951, 5.0,         91,,,  2, 10,,,0\r\n'||'1377824460,29-AUG-2013  17:57:09, 0.3,     140719, 0.5,      77720, 0.7,      41101, 1.0,      21590, 2.0,       6173, 5.0,          8,,,  2, 10,,,0\r\n'||'1377824460,29-AUG-2013  17:57:19, 0.3,     138296, 0.5,      75323, 0.7,      39558, 1.0,      20615, 2.0,       6004, 5.0,         10,,,  2, 10,,,0\r\n'||'1377824460,29-AUG-2013  17:57:29, 0.3,     135034, 0.5,      72695, 0.7,      38136, 1.0,      20295, 2.0,       5915, 5.0,         10,,,  2, 10,,,0\r\n'||'1377824460,29-AUG-2013  17:57:39, 0.3,     149446, 0.5,      83699, 0.7,      43555, 1.0,      22980, 2.0,       6553, 5.0,          6,,,  2, 10,,,0\r\n'
Thu Aug 29 18:02:00 2013||metone||[1377824520.0, '29-AUG-2013  17:57:49', 119006.83333333333, 56185.333333333336, 28439.166666666668, 14702.5, 4257.333333333333, 13.0, 2.0, 10.0, 0.0]||'1377824520,29-AUG-2013  17:57:49, 0.3,     137582, 0.5,      73299, 0.7,      37409, 1.0,      19036, 2.0,       5279, 5.0,          4,,,  2, 10,,,0\r\n'||'1377824520,29-AUG-2013  17:57:59, 0.3,     111766, 0.5,      49875, 0.7,      25042, 1.0,      13032, 2.0,       3759, 5.0,          8,,,  2, 10,,,0\r\n'||'1377824520,29-AUG-2013  17:58:09, 0.3,     122377, 0.5,      59728, 0.7,      31246, 1.0,      16895, 2.0,       5432, 5.0,         33,,,  2, 10,,,0\r\n'||'1377824520,29-AUG-2013  17:58:19, 0.3,     115663, 0.5,      52503, 0.7,      26199, 1.0,      13595, 2.0,       3886, 5.0,         31,,,  2, 10,,,0\r\n'||'1377824520,29-AUG-2013  17:58:29, 0.3,     113813, 0.5,      51043, 0.7,      25483, 1.0,      13083, 2.0,       3632, 5.0,          0,,,  2, 10,,,0\r\n'||'1377824520,29-AUG-2013  17:58:39, 0.3,     112840, 0.5,      50664, 0.7,      25256, 1.0,      12574, 2.0,       3556, 5.0,          2,,,  2, 10,,,0\r\n'
Thu Aug 29 18:03:00 2013||metone||[1377824580.0, '29-AUG-2013  17:58:49', 108260.5, 45842.333333333336, 22637.5, 11688.333333333334, 3482.3333333333335, 6.0, 2.0, 10.0, 0.0]||'1377824580,29-AUG-2013  17:58:49, 0.3,     120370, 0.5,      58166, 0.7,      29258, 1.0,      15100, 2.0,       4609, 5.0,          8,,,  2, 10,,,0\r\n'||'1377824580,29-AUG-2013  17:58:59, 0.3,     110884, 0.5,      49826, 0.7,      24767, 1.0,      12612, 2.0,       3700, 5.0,          6,,,  2, 10,,,0\r\n'||'1377824580,29-AUG-2013  17:59:09, 0.3,     107514, 0.5,      44755, 0.7,      21793, 1.0,      11173, 2.0,       3111, 5.0,          6,,,  2, 10,,,0\r\n'||'1377824580,29-AUG-2013  17:59:19, 0.3,     101716, 0.5,      39314, 0.7,      19614, 1.0,      10533, 2.0,       3399, 5.0,          2,,,  2, 10,,,0\r\n'||'1377824580,29-AUG-2013  17:59:29, 0.3,     103824, 0.5,      40902, 0.7,      19939, 1.0,      10285, 2.0,       3028, 5.0,          6,,,  2, 10,,,0\r\n'||'1377824580,29-AUG-2013  17:59:39, 0.3,     105255, 0.5,      42091, 0.7,      20454, 1.0,      10427, 2.0,       3047, 5.0,          8,,,  2, 10,,,0\r\n'
Thu Aug 29 18:04:00 2013||metone||[1377824640.0, '29-AUG-2013  17:59:49', 105372.0, 40939.333333333336, 19624.833333333332, 9939.5, 2848.8333333333335, 8.0, 2.0, 10.0, 0.0]||'1377824640,29-AUG-2013  17:59:49, 0.3,     100206, 0.5,      36328, 0.7,      17819, 1.0,       9299, 2.0,       2895, 5.0,         10,,,  2, 10,,,0\r\n'||'1377824640,29-AUG-2013  17:59:59, 0.3,     101535, 0.5,      37939, 0.7,      18438, 1.0,       9323, 2.0,       2611, 5.0,          4,,,  2, 10,,,0\r\n'||'1377824640,29-AUG-2013  18:00:09, 0.3,     103093, 0.5,      38466, 0.7,      17921, 1.0,       8846, 2.0,       2428, 5.0,          4,,,  2, 10,,,0\r\n'||'1377824640,29-AUG-2013  18:00:19, 0.3,     111365, 0.5,      45897, 0.7,      21704, 1.0,      10836, 2.0,       3117, 5.0,         10,,,  2, 10,,,0\r\n'||'1377824640,29-AUG-2013  18:00:29, 0.3,     110895, 0.5,      46257, 0.7,      22683, 1.0,      11932, 2.0,       3518, 5.0,         14,,,  2, 10,,,0\r\n'||'1377824640,29-AUG-2013  18:00:39, 0.3,     105138, 0.5,      40749, 0.7,      19184, 1.0,       9401, 2.0,       2524, 5.0,          6,,,  2, 10,,,0\r\n'
Thu Aug 29 18:05:00 2013||metone||[1377824700.0, '29-AUG-2013  18:00:49', 107833.33333333333, 43268.666666666664, 20634.833333333332, 10350.333333333334, 2939.0, 6.666666666666667, 2.0, 10.0, 0.0]||'1377824700,29-AUG-2013  18:00:49, 0.3,     104916, 0.5,      40821, 0.7,      19882, 1.0,      10442, 2.0,       3388, 5.0,          8,,,  2, 10,,,0\r\n'||'1377824700,29-AUG-2013  18:00:59, 0.3,     107429, 0.5,      42004, 0.7,      19727, 1.0,       9806, 2.0,       2772, 5.0,         12,,,  2, 10,,,0\r\n'||'1377824700,29-AUG-2013  18:01:09, 0.3,     101781, 0.5,      37271, 0.7,      17349, 1.0,       8668, 2.0,       2566, 5.0,         10,,,  2, 10,,,0\r\n'||'1377824700,29-AUG-2013  18:01:19, 0.3,      98844, 0.5,      35535, 0.7,      16440, 1.0,       8081, 2.0,       2223, 5.0,          8,,,  2, 10,,,0\r\n'||'1377824700,29-AUG-2013  18:01:29, 0.3,     115860, 0.5,      50865, 0.7,      24824, 1.0,      12311, 2.0,       3367, 5.0,          0,,,  2, 10,,,0\r\n'||'1377824700,29-AUG-2013  18:01:39, 0.3,     118170, 0.5,      53116, 0.7,      25587, 1.0,      12794, 2.0,       3318, 5.0,          2,,,  2, 10,,,0\r\n'
Thu Aug 29 18:06:00 2013||metone||[1377824760.0, '29-AUG-2013  18:01:49', 117729.83333333333, 53202.0, 26023.5, 13159.5, 3742.5, 10.5, 2.0, 10.0, 0.0]||'1377824760,29-AUG-2013  18:01:49, 0.3,     117329, 0.5,      53951, 0.7,      26892, 1.0,      13619, 2.0,       4037, 5.0,         12,,,  2, 10,,,0\r\n'||'1377824760,29-AUG-2013  18:01:59, 0.3,     115951, 0.5,      51344, 0.7,      25135, 1.0,      12640, 2.0,       3569, 5.0,         12,,,  2, 10,,,0\r\n'||'1377824760,29-AUG-2013  18:02:09, 0.3,     121492, 0.5,      56774, 0.7,      27429, 1.0,      13708, 2.0,       3878, 5.0,          4,,,  2, 10,,,0\r\n'||'1377824760,29-AUG-2013  18:02:19, 0.3,     120830, 0.5,      55231, 0.7,      26967, 1.0,      13439, 2.0,       3467, 5.0,          8,,,  2, 10,,,0\r\n'||'1377824760,29-AUG-2013  18:02:29, 0.3,     115561, 0.5,      50549, 0.7,      24057, 1.0,      12006, 2.0,       3361, 5.0,          4,,,  2, 10,,,0\r\n'||'1377824760,29-AUG-2013  18:02:39, 0.3,     115216, 0.5,      51363, 0.7,      25661, 1.0,      13545, 2.0,       4143, 5.0,         23,,,  2, 10,,,0\r\n'
Thu Aug 29 18:07:00 2013||metone||[1377824820.0, '29-AUG-2013  18:02:49', 129126.0, 63676.166666666664, 31345.833333333332, 15646.5, 4214.5, 6.0, 2.0, 10.0, 0.0]||'1377824820,29-AUG-2013  18:02:49, 0.3,     113813, 0.5,      48921, 0.7,      23251, 1.0,      11499, 2.0,       3030, 5.0,          6,,,  2, 10,,,0\r\n'||'1377824820,29-AUG-2013  18:02:59, 0.3,     109693, 0.5,      45382, 0.7,      21456, 1.0,      10724, 2.0,       2990, 5.0,         10,,,  2, 10,,,0\r\n'||'1377824820,29-AUG-2013  18:03:09, 0.3,     108667, 0.5,      44477, 0.7,      21085, 1.0,      10052, 2.0,       2725, 5.0,          0,,,  2, 10,,,0\r\n'||'1377824820,29-AUG-2013  18:03:19, 0.3,     136836, 0.5,      70916, 0.7,      34861, 1.0,      17215, 2.0,       4624, 5.0,          0,,,  2, 10,,,0\r\n'||'1377824820,29-AUG-2013  18:03:29, 0.3,     148486, 0.5,      82094, 0.7,      41275, 1.0,      20890, 2.0,       5605, 5.0,          4,,,  2, 10,,,0\r\n'||'1377824820,29-AUG-2013  18:03:39, 0.3,     157261, 0.5,      90267, 0.7,      46147, 1.0,      23499, 2.0,       6313, 5.0,         16,,,  2, 10,,,0\r\n'
Thu Aug 29 18:08:00 2013||metone||[1377824880.0, '29-AUG-2013  18:03:49', 131695.33333333334, 65944.333333333328, 32618.666666666668, 16535.833333333332, 4564.166666666667, 7.0, 2.0, 10.0, 0.0]||'1377824880,29-AUG-2013  18:03:49, 0.3,     141906, 0.5,      76170, 0.7,      38263, 1.0,      19419, 2.0,       5387, 5.0,          6,,,  2, 10,,,0\r\n'||'1377824880,29-AUG-2013  18:03:59, 0.3,     132122, 0.5,      67044, 0.7,      33410, 1.0,      17516, 2.0,       5014, 5.0,         16,,,  2, 10,,,0\r\n'||'1377824880,29-AUG-2013  18:04:09, 0.3,     134816, 0.5,      69299, 0.7,      34486, 1.0,      17347, 2.0,       4847, 5.0,          6,,,  2, 10,,,0\r\n'||'1377824880,29-AUG-2013  18:04:19, 0.3,     132129, 0.5,      65629, 0.7,      32064, 1.0,      16130, 2.0,       4281, 5.0,          4,,,  2, 10,,,0\r\n'||'1377824880,29-AUG-2013  18:04:29, 0.3,     131588, 0.5,      65097, 0.7,      31985, 1.0,      16064, 2.0,       4385, 5.0,          2,,,  2, 10,,,0\r\n'||'1377824880,29-AUG-2013  18:04:39, 0.3,     117611, 0.5,      52427, 0.7,      25504, 1.0,      12739, 2.0,       3471, 5.0,          8,,,  2, 10,,,0\r\n'
