Wed Aug 28 14:48:00 2013||neph||None
Wed Aug 28 14:49:00 2013||neph||None
Wed Aug 28 14:50:00 2013||neph||None
Wed Aug 28 14:51:00 2013||neph||None
Wed Aug 28 14:52:00 2013||neph||None
Wed Aug 28 14:53:00 2013||neph||None
Wed Aug 28 14:54:00 2013||neph||None
Wed Aug 28 14:55:00 2013||neph||None
Wed Aug 28 14:56:00 2013||neph||None
Wed Aug 28 14:57:00 2013||neph||None
Wed Aug 28 14:58:00 2013||neph||None
Wed Aug 28 14:59:00 2013||neph||None
Wed Aug 28 15:00:00 2013||neph||None
Wed Aug 28 15:01:00 2013||neph||None
Wed Aug 28 15:02:00 2013||neph||None
Wed Aug 28 15:03:00 2013||neph||None
Wed Aug 28 15:04:00 2013||neph||None
Wed Aug 28 15:05:00 2013||neph||None
Wed Aug 28 15:06:00 2013||neph||[1377727560.0, 0.00026953035714285709, 0.00052905803571428537, 1003.0, 311.74107142857144, 21.991071428571427, 0.0]||'1377727560  -1.067e-05  4.460e-05 1003 316 90 00\r\n'||'1377727560  -1.067e-05  1.159e-04 1003 312 97 00\r\n'||'1377727560  -1.067e-05  1.894e-04 1003 312 99 00\r\n'||'1377727560  -1.067e-05  2.527e-04 1003 311 99 00\r\n'||'1377727560  -1.067e-05  3.074e-04 1003 311 99 00\r\n'||'1377727560  -1.067e-05  3.532e-04 1003 311 99 00\r\n'||'1377727560  -1.067e-05  3.914e-04 1003 311 99 00\r\n'||'1377727560  -1.067e-05  4.224e-04 1003 311 99 00\r\n'||'1377727560  -1.067e-05  4.480e-04 1003 311 99 00\r\n'||'1377727560  -1.067e-05  4.705e-04 1003 311 99 00\r\n'||'1377727560   2.991e-04  4.705e-04 1003 311 99 00\r\n'||'1377727560   3.009e-04  4.705e-04 1003 311 99 00\r\n'||'1377727560   3.105e-04  4.705e-04 1003 311 98 00\r\n'||'1377727560   3.124e-04  4.705e-04 1003 311 96 00\r\n'||'1377727560   3.130e-04  4.705e-04 1003 311 94 00\r\n'||'1377727560   3.134e-04  4.705e-04 1003 311 92 00\r\n'||'1377727560   3.122e-04  4.705e-04 1003 311 89 00\r\n'||'1377727560   3.108e-04  4.705e-04 1003 311 84 00\r\n'||'1377727560   3.095e-04  4.705e-04 1003 311 80 00\r\n'||'1377727560   3.089e-04  4.705e-04 1003 311 75 00\r\n'||'1377727560   3.086e-04  4.705e-04 1003 311 71 00\r\n'||'1377727560   3.083e-04  4.705e-04 1003 311 66 00\r\n'||'1377727560   3.081e-04  4.705e-04 1003 311 61 00\r\n'||'1377727560   3.077e-04  4.705e-04 1003 311 56 00\r\n'||'1377727560   3.073e-04  4.705e-04 1003 311 51 00\r\n'||'1377727560   3.070e-04  4.705e-04 1003 311 47 00\r\n'||'1377727560   3.070e-04  4.705e-04 1003 311 42 00\r\n'||'1377727560   3.069e-04  4.705e-04 1003 311 38 00\r\n'||'1377727560   3.070e-04  4.705e-04 1003 311 33 00\r\n'||'1377727560   3.071e-04  4.705e-04 1003 311 29 00\r\n'||'1377727560   3.072e-04  4.705e-04 1003 311 25 00\r\n'||'1377727560   3.072e-04  4.705e-04 1003 311 20 00\r\n'||'1377727560   3.073e-04  4.705e-04 1003 312 15 00\r\n'||'1377727560   3.074e-04  4.705e-04 1003 311 10 00\r\n'||'1377727560   3.074e-04  4.705e-04 1003 312 07 00\r\n'||'1377727560   3.075e-04  4.705e-04 1003 311 04 00\r\n'||'1377727560   3.076e-04  4.705e-04 1003 311 02 00\r\n'||'1377727560   3.076e-04  4.705e-04 1003 311 01 00\r\n'||'1377727560   3.075e-04  4.705e-04 1003 312 00 00\r\n'||'1377727560   3.075e-04  4.705e-04 1003 312 00 00\r\n'||'1377727560   3.074e-04  4.705e-04 1003 312 00 00\r\n'||'1377727560   3.073e-04  4.705e-04 1003 312 00 00\r\n'||'1377727560   3.072e-04  4.705e-04 1003 312 00 00\r\n'||'1377727560   3.071e-04  4.705e-04 1003 312 00 00\r\n'||'1377727560   3.070e-04  4.705e-04 1003 312 00 00\r\n'||'1377727560   3.070e-04  4.898e-04 1003 312 00 00\r\n'||'1377727560   3.070e-04  5.065e-04 1003 312 00 00\r\n'||'1377727560   3.070e-04  5.209e-04 1003 312 00 00\r\n'||'1377727560   3.070e-04  5.337e-04 1003 312 00 00\r\n'||'1377727560   3.070e-04  5.451e-04 1003 312 00 00\r\n'||'1377727560   3.070e-04  5.552e-04 1003 312 00 00\r\n'||'1377727560   3.070e-04  5.642e-04 1003 312 00 00\r\n'||'1377727560   3.070e-04  5.725e-04 1003 312 00 00\r\n'||'1377727560   3.070e-04  5.802e-04 1003 312 00 00\r\n'||'1377727560   3.070e-04  5.873e-04 1003 312 00 00\r\n'||'1377727560   3.067e-04  5.873e-04 1003 312 00 00\r\n'||'1377727560   3.062e-04  5.873e-04 1003 312 00 00\r\n'||'1377727560   3.057e-04  5.873e-04 1003 312 00 00\r\n'||'1377727560   3.052e-04  5.873e-04 1003 312 00 00\r\n'||'1377727560   3.046e-04  5.873e-04 1003 312 00 00\r\n'||'1377727560   3.040e-04  5.873e-04 1003 312 00 00\r\n'||'1377727560   3.034e-04  5.873e-04 1003 312 00 00\r\n'||'1377727560   3.027e-04  5.873e-04 1003 312 00 00\r\n'||'1377727560   3.019e-04  5.873e-04 1003 312 00 00\r\n'||'1377727560   3.012e-04  5.873e-04 1003 312 00 00\r\n'||'1377727560   3.004e-04  5.873e-04 1003 312 00 00\r\n'||'1377727560   2.996e-04  5.873e-04 1003 312 00 00\r\n'||'1377727560   2.988e-04  5.873e-04 1003 312 00 00\r\n'||'1377727560   2.980e-04  5.873e-04 1003 312 00 00\r\n'||'1377727560   2.972e-04  5.873e-04 1003 312 00 00\r\n'||'1377727560   2.963e-04  5.873e-04 1003 312 00 00\r\n'||'1377727560   2.955e-04  5.873e-04 1003 312 00 00\r\n'||'1377727560   2.946e-04  5.873e-04 1003 312 00 00\r\n'||'1377727560   2.938e-04  5.873e-04 1003 312 00 00\r\n'||'1377727560   2.929e-04  5.873e-04 1003 312 00 00\r\n'||'1377727560   2.920e-04  5.873e-04 1003 312 00 00\r\n'||'1377727560   2.912e-04  5.873e-04 1003 312 00 00\r\n'||'1377727560   2.903e-04  5.873e-04 1003 312 00 00\r\n'||'1377727560   2.895e-04  5.873e-04 1003 312 00 00\r\n'||'1377727560   2.887e-04  5.873e-04 1003 312 00 00\r\n'||'1377727560   2.880e-04  5.873e-04 1003 312 00 00\r\n'||'1377727560   2.872e-04  5.873e-04 1003 312 00 00\r\n'||'1377727560   2.865e-04  5.873e-04 1003 312 00 00\r\n'||'1377727560   2.857e-04  5.873e-04 1003 312 00 00\r\n'||'1377727560   2.850e-04  5.873e-04 1003 312 00 00\r\n'||'1377727560   2.843e-04  5.873e-04 1003 312 00 00\r\n'||'1377727560   2.836e-04  5.873e-04 1003 312 00 00\r\n'||'1377727560   2.830e-04  5.873e-04 1003 312 00 00\r\n'||'1377727560   2.823e-04  5.873e-04 1003 312 00 00\r\n'||'1377727560   2.816e-04  5.873e-04 1003 312 00 00\r\n'||'1377727560   2.816e-04  5.938e-04 1003 312 00 00\r\n'||'1377727560   2.816e-04  5.998e-04 1003 312 00 00\r\n'||'1377727560   2.816e-04  6.052e-04 1003 312 00 00\r\n'||'1377727560   2.816e-04  6.104e-04 1003 312 00 00\r\n'||'1377727560   2.816e-04  6.152e-04 1003 312 00 00\r\n'||'1377727560   2.816e-04  6.196e-04 1003 312 00 00\r\n'||'1377727560   2.816e-04  6.238e-04 1003 312 00 00\r\n'||'1377727560   2.816e-04  6.277e-04 1003 312 00 00\r\n'||'1377727560   2.816e-04  6.314e-04 1003 312 00 00\r\n'||'1377727560   2.816e-04  6.349e-04 1003 312 00 00\r\n'||'1377727560   2.810e-04  6.349e-04 1003 312 00 00\r\n'||'1377727560   2.803e-04  6.349e-04 1003 312 00 00\r\n'||'1377727560   2.797e-04  6.349e-04 1003 312 00 00\r\n'||'1377727560   2.790e-04  6.349e-04 1003 312 00 00\r\n'||'1377727560   2.784e-04  6.349e-04 1003 312 00 00\r\n'||'1377727560   2.778e-04  6.349e-04 1003 312 00 00\r\n'||'1377727560   2.772e-04  6.349e-04 1003 312 00 00\r\n'||'1377727560   2.765e-04  6.349e-04 1003 312 00 00\r\n'||'1377727560   2.760e-04  6.349e-04 1003 312 00 00\r\n'||'1377727560   2.754e-04  6.349e-04 1003 312 00 00\r\n'||'1377727560   2.748e-04  6.349e-04 1003 312 00 00\r\n'||'1377727560   2.742e-04  6.349e-04\n'||'1377727560   2.685e-04  6.349e-04 1003 312 00 00\r\n'
Wed Aug 28 15:07:00 2013||neph||[1377727620.0, 0.00025483392857142845, 0.00066489285714285695, 1003.0, 312.0, 0.0, 0.0]||'1377727620   2.680e-04  6.349e-04 1003 312 00 00\r\n'||'1377727620   2.676e-04  6.349e-04 1003 312 00 00\r\n'||'1377727620   2.671e-04  6.349e-04 1003 312 00 00\r\n'||'1377727620   2.667e-04  6.349e-04 1003 312 00 00\r\n'||'1377727620   2.663e-04  6.349e-04 1003 312 00 00\r\n'||'1377727620   2.658e-04  6.349e-04 1003 312 00 00\r\n'||'1377727620   2.654e-04  6.349e-04 1003 312 00 00\r\n'||'1377727620   2.650e-04  6.349e-04 1003 312 00 00\r\n'||'1377727620   2.646e-04  6.349e-04 1003 312 00 00\r\n'||'1377727620   2.642e-04  6.349e-04 1003 312 00 00\r\n'||'1377727620   2.638e-04  6.349e-04 1003 312 00 00\r\n'||'1377727620   2.634e-04  6.349e-04 1003 312 00 00\r\n'||'1377727620   2.634e-04  6.382e-04 1003 312 00 00\r\n'||'1377727620   2.634e-04  6.413e-04 1003 312 00 00\r\n'||'1377727620   2.634e-04  6.442e-04 1003 312 00 00\r\n'||'1377727620   2.634e-04  6.470e-04 1003 312 00 00\r\n'||'1377727620   2.634e-04  6.495e-04 1003 312 00 00\r\n'||'1377727620   2.634e-04  6.520e-04 1003 312 00 00\r\n'||'1377727620   2.634e-04  6.543e-04 1003 312 00 00\r\n'||'1377727620   2.634e-04  6.566e-04 1003 312 00 00\r\n'||'1377727620   2.634e-04  6.587e-04 1003 312 00 00\r\n'||'1377727620   2.634e-04  6.607e-04 1003 312 00 00\r\n'||'1377727620   2.630e-04  6.607e-04 1003 312 00 00\r\n'||'1377727620   2.626e-04  6.607e-04 1003 312 00 00\r\n'||'1377727620   2.623e-04  6.607e-04 1003 312 00 00\r\n'||'1377727620   2.619e-04  6.607e-04 1003 312 00 00\r\n'||'1377727620   2.615e-04  6.607e-04 1003 312 00 00\r\n'||'1377727620   2.611e-04  6.607e-04 1003 312 00 00\r\n'||'1377727620   2.608e-04  6.607e-04 1003 312 00 00\r\n'||'1377727620   2.604e-04  6.607e-04 1003 312 00 00\r\n'||'1377727620   2.601e-04  6.607e-04 1003 312 00 00\r\n'||'1377727620   2.597e-04  6.607e-04 1003 312 00 00\r\n'||'1377727620   2.593e-04  6.607e-04 1003 312 00 00\r\n'||'1377727620   2.590e-04  6.607e-04 1003 312 00 00\r\n'||'1377727620   2.587e-04  6.607e-04 1003 312 00 00\r\n'||'1377727620   2.583e-04  6.607e-04 1003 312 00 00\r\n'||'1377727620   2.580e-04  6.607e-04 1003 312 00 00\r\n'||'1377727620   2.578e-04  6.607e-04 1003 312 00 00\r\n'||'1377727620   2.575e-04  6.607e-04 1003 312 00 00\r\n'||'1377727620   2.572e-04  6.607e-04 1003 312 00 00\r\n'||'1377727620   2.569e-04  6.607e-04 1003 312 00 00\r\n'||'1377727620   2.566e-04  6.607e-04 1003 312 00 00\r\n'||'1377727620   2.564e-04  6.607e-04 1003 312 00 00\r\n'||'1377727620   2.561e-04  6.607e-04 1003 312 00 00\r\n'||'1377727620   2.559e-04  6.607e-04 1003 312 00 00\r\n'||'1377727620   2.556e-04  6.607e-04 1003 312 00 00\r\n'||'1377727620   2.554e-04  6.607e-04 1003 312 00 00\r\n'||'1377727620   2.551e-04  6.607e-04 1003 312 00 00\r\n'||'1377727620   2.548e-04  6.607e-04 1003 312 00 00\r\n'||'1377727620   2.545e-04  6.607e-04 1003 312 00 00\r\n'||'1377727620   2.543e-04  6.607e-04 1003 312 00 00\r\n'||'1377727620   2.540e-04  6.607e-04 1003 312 00 00\r\n'||'1377727620   2.537e-04  6.607e-04 1003 312 00 00\r\n'||'1377727620   2.535e-04  6.607e-04 1003 312 00 00\r\n'||'1377727620   2.532e-04  6.607e-04 1003 312 00 00\r\n'||'1377727620   2.530e-04  6.607e-04 1003 312 00 00\r\n'||'1377727620   2.528e-04  6.607e-04 1003 312 00 00\r\n'||'1377727620   2.528e-04  6.626e-04 1003 312 00 00\r\n'||'1377727620   2.528e-04  6.644e-04 1003 312 00 00\r\n'||'1377727620   2.528e-04  6.662e-04 1003 312 00 00\r\n'||'1377727620   2.528e-04  6.679e-04 1003 312 00 00\r\n'||'1377727620   2.528e-04  6.695e-04 1003 312 00 00\r\n'||'1377727620   2.528e-04  6.710e-04 1003 312 00 00\r\n'||'1377727620   2.528e-04  6.726e-04 1003 312 00 00\r\n'||'1377727620   2.528e-04  6.740e-04 1003 312 00 00\r\n'||'1377727620   2.528e-04  6.754e-04 1003 312 00 00\r\n'||'1377727620   2.528e-04  6.768e-04 1003 312 00 00\r\n'||'1377727620   2.525e-04  6.768e-04 1003 312 00 00\r\n'||'1377727620   2.523e-04  6.768e-04 1003 312 00 00\r\n'||'1377727620   2.520e-04  6.768e-04 1003 312 00 00\r\n'||'1377727620   2.518e-04  6.768e-04 1003 312 00 00\r\n'||'1377727620   2.516e-04  6.768e-04 1003 312 00 00\r\n'||'1377727620   2.513e-04  6.768e-04 1003 312 00 00\r\n'||'1377727620   2.511e-04  6.768e-04 1003 312 00 00\r\n'||'1377727620   2.509e-04  6.768e-04 1003 312 00 00\r\n'||'1377727620   2.507e-04  6.768e-04 1003 312 00 00\r\n'||'1377727620   2.506e-04  6.768e-04 1003 312 00 00\r\n'||'1377727620   2.504e-04  6.768e-04 1003 312 00 00\r\n'||'1377727620   2.502e-04  6.768e-04 1003 312 00 00\r\n'||'1377727620   2.500e-04  6.768e-04 1003 312 00 00\r\n'||'1377727620   2.499e-04  6.768e-04 1003 312 00 00\r\n'||'1377727620   2.497e-04  6.768e-04 1003 312 00 00\r\n'||'1377727620   2.495e-04  6.768e-04 1003 312 00 00\r\n'||'1377727620   2.493e-04  6.768e-04 1003 312 00 00\r\n'||'1377727620   2.491e-04  6.768e-04 1003 312 00 00\r\n'||'1377727620   2.490e-04  6.768e-04 1003 312 00 00\r\n'||'1377727620   2.488e-04  6.768e-04 1003 312 00 00\r\n'||'1377727620   2.486e-04  6.768e-04 1003 312 00 00\r\n'||'1377727620   2.484e-04  6.768e-04 1003 312 00 00\r\n'||'1377727620   2.482e-04  6.768e-04 1003 312 00 00\r\n'||'1377727620   2.481e-04  6.768e-04 1003 312 00 00\r\n'||'1377727620   2.479e-04  6.768e-04 1003 312 00 00\r\n'||'1377727620   2.477e-04  6.768e-04 1003 312 00 00\r\n'||'1377727620   2.476e-04  6.768e-04 1003 312 00 00\r\n'||'1377727620   2.474e-04  6.768e-04 1003 312 00 00\r\n'||'1377727620   2.472e-04  6.768e-04 1003 312 00 00\r\n'||'1377727620   2.470e-04  6.768e-04 1003 312 00 00\r\n'||'1377727620   2.469e-04  6.768e-04 1003 312 00 00\r\n'||'1377727620   2.467e-04  6.768e-04 1003 312 00 00\r\n'||'1377727620   2.466e-04  6.768e-04 1003 312 00 00\r\n'||'1377727620   2.464e-04  6.768e-04 1003 312 00 00\r\n'||'1377727620   2.462e-04  6.768e-04 1003 312 00 00\r\n'||'1377727620   2.462e-04  6.781e-04 1003 312 00 00\r\n'||'1377727620   2.462e-04  6.794e-04 1003 312 00 00\r\n'||'1377727620   2.462e-04  6.806e-04 1003 312 00 00\r\n'||'1377727620   2.462e-04  6.818e-04 1003 312 00 00\r\n'||'1377727620   2.462e-04  6.830e-04 1003 312 00 00\r\n'||'1377727620   2.462e-04  6.841e-04 1003 312 00 00\r\n'||'1377727620   2.462e-04  6.852e-04 1003 312 00 00\r\n'||'1377727620   2.462e-04  6.862e-04 1003 312 00 00\r\n'||'1377727620   2.462e-04  6.872e-04 1003 312 00 00\r\n'||'1377727620   2.462e-04  6.882e-04\n'||'1377727620   2.431e-04  6.882e-04 1003 312 00 00\r\n'
Wed Aug 28 15:08:00 2013||neph||[1377727680.0, 0.00024559910714285729, 0.0006989098214285704, 1003.0, 312.0, 0.0, 0.0]||'1377727680   2.431e-04  6.882e-04 1003 312 00 00\r\n'||'1377727680   2.431e-04  6.891e-04 1003 312 00 00\r\n'||'1377727680   2.431e-04  6.900e-04 1003 312 00 00\r\n'||'1377727680   2.431e-04  6.909e-04 1003 312 00 00\r\n'||'1377727680   2.431e-04  6.917e-04 1003 312 00 00\r\n'||'1377727680   2.431e-04  6.924e-04 1003 312 00 00\r\n'||'1377727680   2.431e-04  6.932e-04 1003 312 00 00\r\n'||'1377727680   2.431e-04  6.939e-04 1003 312 00 00\r\n'||'1377727680   2.431e-04  6.946e-04 1003 312 00 00\r\n'||'1377727680   2.431e-04  6.952e-04 1003 312 00 00\r\n'||'1377727680   2.431e-04  6.958e-04 1003 312 00 00\r\n'||'1377727680   2.431e-04  6.958e-04 1003 312 00 00\r\n'||'1377727680   2.431e-04  6.958e-04 1003 312 00 00\r\n'||'1377727680   2.431e-04  6.958e-04 1003 312 00 00\r\n'||'1377727680   2.431e-04  6.958e-04 1003 312 00 00\r\n'||'1377727680   2.431e-04  6.958e-04 1003 312 00 00\r\n'||'1377727680   2.431e-04  6.958e-04 1003 312 00 00\r\n'||'1377727680   2.431e-04  6.958e-04 1003 312 00 00\r\n'||'1377727680   2.431e-04  6.958e-04 1003 312 00 00\r\n'||'1377727680   2.432e-04  6.958e-04 1003 312 00 00\r\n'||'1377727680   2.432e-04  6.958e-04 1003 312 00 00\r\n'||'1377727680   2.433e-04  6.958e-04 1003 312 00 00\r\n'||'1377727680   2.433e-04  6.958e-04 1003 312 00 00\r\n'||'1377727680   2.434e-04  6.958e-04 1003 312 00 00\r\n'||'1377727680   2.434e-04  6.958e-04 1003 312 00 00\r\n'||'1377727680   2.434e-04  6.958e-04 1003 312 00 00\r\n'||'1377727680   2.435e-04  6.958e-04 1003 312 00 00\r\n'||'1377727680   2.436e-04  6.958e-04 1003 312 00 00\r\n'||'1377727680   2.436e-04  6.958e-04 1003 312 00 00\r\n'||'1377727680   2.437e-04  6.958e-04 1003 312 00 00\r\n'||'1377727680   2.438e-04  6.958e-04 1003 312 00 00\r\n'||'1377727680   2.438e-04  6.958e-04 1003 312 00 00\r\n'||'1377727680   2.439e-04  6.958e-04 1003 312 00 00\r\n'||'1377727680   2.440e-04  6.958e-04 1003 312 00 00\r\n'||'1377727680   2.441e-04  6.958e-04 1003 312 00 00\r\n'||'1377727680   2.441e-04  6.958e-04 1003 312 00 00\r\n'||'1377727680   2.442e-04  6.958e-04 1003 312 00 00\r\n'||'1377727680   2.443e-04  6.958e-04 1003 312 00 00\r\n'||'1377727680   2.444e-04  6.958e-04 1003 312 00 00\r\n'||'1377727680   2.445e-04  6.958e-04 1003 312 00 00\r\n'||'1377727680   2.446e-04  6.958e-04 1003 312 00 00\r\n'||'1377727680   2.447e-04  6.958e-04 1003 312 00 00\r\n'||'1377727680   2.448e-04  6.958e-04 1003 312 00 00\r\n'||'1377727680   2.448e-04  6.958e-04 1003 312 00 00\r\n'||'1377727680   2.449e-04  6.958e-04 1003 312 00 00\r\n'||'1377727680   2.450e-04  6.958e-04 1003 312 00 00\r\n'||'1377727680   2.450e-04  6.964e-04 1003 312 00 00\r\n'||'1377727680   2.450e-04  6.970e-04 1003 312 00 00\r\n'||'1377727680   2.450e-04  6.975e-04 1003 312 00 00\r\n'||'1377727680   2.450e-04  6.980e-04 1003 312 00 00\r\n'||'1377727680   2.450e-04  6.985e-04 1003 312 00 00\r\n'||'1377727680   2.450e-04  6.990e-04 1003 312 00 00\r\n'||'1377727680   2.450e-04  6.995e-04 1003 312 00 00\r\n'||'1377727680   2.450e-04  7.000e-04 1003 312 00 00\r\n'||'1377727680   2.450e-04  7.005e-04 1003 312 00 00\r\n'||'1377727680   2.450e-04  7.009e-04 1003 312 00 00\r\n'||'1377727680   2.451e-04  7.009e-04 1003 312 00 00\r\n'||'1377727680   2.452e-04  7.009e-04 1003 312 00 00\r\n'||'1377727680   2.453e-04  7.009e-04 1003 312 00 00\r\n'||'1377727680   2.454e-04  7.009e-04 1003 312 00 00\r\n'||'1377727680   2.455e-04  7.009e-04 1003 312 00 00\r\n'||'1377727680   2.456e-04  7.009e-04 1003 312 00 00\r\n'||'1377727680   2.457e-04  7.009e-04 1003 312 00 00\r\n'||'1377727680   2.458e-04  7.009e-04 1003 312 00 00\r\n'||'1377727680   2.459e-04  7.009e-04 1003 312 00 00\r\n'||'1377727680   2.460e-04  7.009e-04 1003 312 00 00\r\n'||'1377727680   2.461e-04  7.009e-04 1003 312 00 00\r\n'||'1377727680   2.462e-04  7.009e-04 1003 312 00 00\r\n'||'1377727680   2.463e-04  7.009e-04 1003 312 00 00\r\n'||'1377727680   2.464e-04  7.009e-04 1003 312 00 00\r\n'||'1377727680   2.465e-04  7.009e-04 1003 312 00 00\r\n'||'1377727680   2.466e-04  7.009e-04 1003 312 00 00\r\n'||'1377727680   2.467e-04  7.009e-04 1003 312 00 00\r\n'||'1377727680   2.468e-04  7.009e-04 1003 312 00 00\r\n'||'1377727680   2.469e-04  7.009e-04 1003 312 00 00\r\n'||'1377727680   2.470e-04  7.009e-04 1003 312 00 00\r\n'||'1377727680   2.471e-04  7.009e-04 1003 312 00 00\r\n'||'1377727680   2.471e-04  7.009e-04 1003 312 00 00\r\n'||'1377727680   2.472e-04  7.009e-04 1003 312 00 00\r\n'||'1377727680   2.473e-04  7.009e-04 1003 312 00 00\r\n'||'1377727680   2.474e-04  7.009e-04 1003 312 00 00\r\n'||'1377727680   2.475e-04  7.009e-04 1003 312 00 00\r\n'||'1377727680   2.476e-04  7.009e-04 1003 312 00 00\r\n'||'1377727680   2.477e-04  7.009e-04 1003 312 00 00\r\n'||'1377727680   2.477e-04  7.009e-04 1003 312 00 00\r\n'||'1377727680   2.478e-04  7.009e-04 1003 312 00 00\r\n'||'1377727680   2.478e-04  7.009e-04 1003 312 00 00\r\n'||'1377727680   2.479e-04  7.009e-04 1003 312 00 00\r\n'||'1377727680   2.480e-04  7.009e-04 1003 312 00 00\r\n'||'1377727680   2.480e-04  7.009e-04 1003 312 00 00\r\n'||'1377727680   2.481e-04  7.009e-04 1003 312 00 00\r\n'||'1377727680   2.481e-04  7.014e-04 1003 312 00 00\r\n'||'1377727680   2.481e-04  7.018e-04 1003 312 00 00\r\n'||'1377727680   2.481e-04  7.022e-04 1003 312 00 00\r\n'||'1377727680   2.481e-04  7.027e-04 1003 312 00 00\r\n'||'1377727680   2.481e-04  7.031e-04 1003 312 00 00\r\n'||'1377727680   2.481e-04  7.035e-04 1003 312 00 00\r\n'||'1377727680   2.481e-04  7.039e-04 1003 312 00 00\r\n'||'1377727680   2.481e-04  7.043e-04 1003 312 00 00\r\n'||'1377727680   2.481e-04  7.047e-04 1003 312 00 00\r\n'||'1377727680   2.481e-04  7.050e-04 1003 312 00 00\r\n'||'1377727680   2.481e-04  7.050e-04 1003 312 00 00\r\n'||'1377727680   2.482e-04  7.050e-04 1003 312 00 00\r\n'||'1377727680   2.483e-04  7.050e-04 1003 312 00 00\r\n'||'1377727680   2.483e-04  7.050e-04 1003 312 00 00\r\n'||'1377727680   2.484e-04  7.050e-04 1003 312 00 00\r\n'||'1377727680   2.484e-04  7.050e-04 1003 312 00 00\r\n'||'1377727680   2.485e-04  7.050e-04 1003 312 00 00\r\n'||'1377727680   2.486e-04  7.050e-04 1003 312 00 00\r\n'||'1377727680   2.486e-04  7.050e-04 1003 312 00 00\r\n'||'1377727680   2.487e-04  7.050e-04 1003 312 00 00\r\n'||'1377727680   2.487e-04  7.050e-04\n'||'1377727680   2.504e-04  7.085e-04 1003 312 00 00\r\n'
Wed Aug 28 15:09:00 2013||neph||[1377727740.0, 0.00025131607142857217, 0.00071103303571428496, 1003.0, 312.0, 0.0, 0.0]||'1377727740   2.505e-04  7.085e-04 1003 312 00 00\r\n'||'1377727740   2.505e-04  7.085e-04 1003 312 00 00\r\n'||'1377727740   2.506e-04  7.085e-04 1003 312 00 00\r\n'||'1377727740   2.507e-04  7.085e-04 1003 312 00 00\r\n'||'1377727740   2.507e-04  7.085e-04 1003 312 00 00\r\n'||'1377727740   2.508e-04  7.085e-04 1003 312 00 00\r\n'||'1377727740   2.509e-04  7.085e-04 1003 312 00 00\r\n'||'1377727740   2.509e-04  7.085e-04 1003 312 00 00\r\n'||'1377727740   2.509e-04  7.085e-04 1003 312 00 00\r\n'||'1377727740   2.510e-04  7.085e-04 1003 312 00 00\r\n'||'1377727740   2.510e-04  7.085e-04 1003 312 00 00\r\n'||'1377727740   2.511e-04  7.085e-04 1003 312 00 00\r\n'||'1377727740   2.511e-04  7.085e-04 1003 312 00 00\r\n'||'1377727740   2.512e-04  7.085e-04 1003 312 00 00\r\n'||'1377727740   2.512e-04  7.085e-04 1003 312 00 00\r\n'||'1377727740   2.512e-04  7.085e-04 1003 312 00 00\r\n'||'1377727740   2.512e-04  7.085e-04 1003 312 00 00\r\n'||'1377727740   2.512e-04  7.085e-04 1003 312 00 00\r\n'||'1377727740   2.512e-04  7.085e-04 1003 312 00 00\r\n'||'1377727740   2.512e-04  7.085e-04 1003 312 00 00\r\n'||'1377727740   2.513e-04  7.085e-04 1003 312 00 00\r\n'||'1377727740   2.513e-04  7.085e-04 1003 312 00 00\r\n'||'1377727740   2.513e-04  7.085e-04 1003 312 00 00\r\n'||'1377727740   2.513e-04  7.085e-04 1003 312 00 00\r\n'||'1377727740   2.513e-04  7.085e-04 1003 312 00 00\r\n'||'1377727740   2.513e-04  7.085e-04 1003 312 00 00\r\n'||'1377727740   2.513e-04  7.085e-04 1003 312 00 00\r\n'||'1377727740   2.513e-04  7.085e-04 1003 312 00 00\r\n'||'1377727740   2.513e-04  7.085e-04 1003 312 00 00\r\n'||'1377727740   2.513e-04  7.085e-04 1003 312 00 00\r\n'||'1377727740   2.513e-04  7.085e-04 1003 312 00 00\r\n'||'1377727740   2.513e-04  7.085e-04 1003 312 00 00\r\n'||'1377727740   2.513e-04  7.085e-04 1003 312 00 00\r\n'||'1377727740   2.513e-04  7.085e-04 1003 312 00 00\r\n'||'1377727740   2.514e-04  7.085e-04 1003 312 00 00\r\n'||'1377727740   2.514e-04  7.089e-04 1003 312 00 00\r\n'||'1377727740   2.514e-04  7.092e-04 1003 312 00 00\r\n'||'1377727740   2.514e-04  7.095e-04 1003 312 00 00\r\n'||'1377727740   2.514e-04  7.098e-04 1003 312 00 00\r\n'||'1377727740   2.514e-04  7.101e-04 1003 312 00 00\r\n'||'1377727740   2.514e-04  7.104e-04 1003 312 00 00\r\n'||'1377727740   2.514e-04  7.106e-04 1003 312 00 00\r\n'||'1377727740   2.514e-04  7.109e-04 1003 312 00 00\r\n'||'1377727740   2.514e-04  7.112e-04 1003 312 00 00\r\n'||'1377727740   2.514e-04  7.115e-04 1003 312 00 00\r\n'||'1377727740   2.514e-04  7.115e-04 1003 312 00 00\r\n'||'1377727740   2.514e-04  7.115e-04 1003 312 00 00\r\n'||'1377727740   2.514e-04  7.115e-04 1003 312 00 00\r\n'||'1377727740   2.514e-04  7.115e-04 1003 312 00 00\r\n'||'1377727740   2.514e-04  7.115e-04 1003 312 00 00\r\n'||'1377727740   2.514e-04  7.115e-04 1003 312 00 00\r\n'||'1377727740   2.514e-04  7.115e-04 1003 312 00 00\r\n'||'1377727740   2.514e-04  7.115e-04 1003 312 00 00\r\n'||'1377727740   2.514e-04  7.115e-04 1003 312 00 00\r\n'||'1377727740   2.514e-04  7.115e-04 1003 312 00 00\r\n'||'1377727740   2.514e-04  7.115e-04 1003 312 00 00\r\n'||'1377727740   2.514e-04  7.115e-04 1003 312 00 00\r\n'||'1377727740   2.514e-04  7.115e-04 1003 312 00 00\r\n'||'1377727740   2.514e-04  7.115e-04 1003 312 00 00\r\n'||'1377727740   2.514e-04  7.115e-04 1003 312 00 00\r\n'||'1377727740   2.514e-04  7.115e-04 1003 312 00 00\r\n'||'1377727740   2.514e-04  7.115e-04 1003 312 00 00\r\n'||'1377727740   2.514e-04  7.115e-04 1003 312 00 00\r\n'||'1377727740   2.514e-04  7.115e-04 1003 312 00 00\r\n'||'1377727740   2.515e-04  7.115e-04 1003 312 00 00\r\n'||'1377727740   2.515e-04  7.115e-04 1003 312 00 00\r\n'||'1377727740   2.515e-04  7.115e-04 1003 312 00 00\r\n'||'1377727740   2.515e-04  7.115e-04 1003 312 00 00\r\n'||'1377727740   2.515e-04  7.115e-04 1003 312 00 00\r\n'||'1377727740   2.515e-04  7.115e-04 1003 312 00 00\r\n'||'1377727740   2.515e-04  7.115e-04 1003 312 00 00\r\n'||'1377727740   2.515e-04  7.115e-04 1003 312 00 00\r\n'||'1377727740   2.515e-04  7.115e-04 1003 312 00 00\r\n'||'1377727740   2.515e-04  7.115e-04 1003 312 00 00\r\n'||'1377727740   2.515e-04  7.115e-04 1003 312 00 00\r\n'||'1377727740   2.515e-04  7.115e-04 1003 312 00 00\r\n'||'1377727740   2.515e-04  7.115e-04 1003 312 00 00\r\n'||'1377727740   2.515e-04  7.115e-04 1003 312 00 00\r\n'||'1377727740   2.515e-04  7.115e-04 1003 312 00 00\r\n'||'1377727740   2.515e-04  7.115e-04 1003 312 00 00\r\n'||'1377727740   2.515e-04  7.117e-04 1003 312 00 00\r\n'||'1377727740   2.515e-04  7.120e-04 1003 312 00 00\r\n'||'1377727740   2.515e-04  7.122e-04 1003 312 00 00\r\n'||'1377727740   2.515e-04  7.125e-04 1003 312 00 00\r\n'||'1377727740   2.515e-04  7.127e-04 1003 312 00 00\r\n'||'1377727740   2.515e-04  7.129e-04 1003 312 00 00\r\n'||'1377727740   2.515e-04  7.131e-04 1003 312 00 00\r\n'||'1377727740   2.515e-04  7.134e-04 1003 312 00 00\r\n'||'1377727740   2.515e-04  7.136e-04 1003 312 00 00\r\n'||'1377727740   2.515e-04  7.138e-04 1003 312 00 00\r\n'||'1377727740   2.515e-04  7.138e-04 1003 312 00 00\r\n'||'1377727740   2.515e-04  7.138e-04 1003 312 00 00\r\n'||'1377727740   2.515e-04  7.138e-04 1003 312 00 00\r\n'||'1377727740   2.515e-04  7.138e-04 1003 312 00 00\r\n'||'1377727740   2.515e-04  7.138e-04 1003 312 00 00\r\n'||'1377727740   2.515e-04  7.138e-04 1003 312 00 00\r\n'||'1377727740   2.515e-04  7.138e-04 1003 312 00 00\r\n'||'1377727740   2.515e-04  7.138e-04 1003 312 00 00\r\n'||'1377727740   2.515e-04  7.138e-04 1003 312 00 00\r\n'||'1377727740   2.515e-04  7.138e-04 1003 312 00 00\r\n'||'1377727740   2.515e-04  7.138e-04 1003 312 00 00\r\n'||'1377727740   2.515e-04  7.138e-04 1003 312 00 00\r\n'||'1377727740   2.515e-04  7.138e-04 1003 312 00 00\r\n'||'1377727740   2.514e-04  7.138e-04 1003 312 00 00\r\n'||'1377727740   2.514e-04  7.138e-04 1003 312 00 00\r\n'||'1377727740   2.514e-04  7.138e-04 1003 312 00 00\r\n'||'1377727740   2.513e-04  7.138e-04 1003 312 00 00\r\n'||'1377727740   2.513e-04  7.138e-04 1003 312 00 00\r\n'||'1377727740   2.512e-04  7.138e-04 1003 312 00 00\r\n'||'1377727740   2.512e-04  7.138e-04 1003 312 00 00\r\n'||'1377727740   2.511e-04  7.138e-04 1003 312 00 00\r\n'||'1377727740   2.511e-04  7.138e-04\n'||'1377727740   2.493e-04  7.159e-04 1003 312 00 00\r\n'
Wed Aug 28 15:10:02 2013||neph||[1377727800.0, 0.00024577499999999978, 0.00071799396551724037, 1003.0, 312.0, 0.0, 0.0]||'1377727800   2.493e-04  7.159e-04 1003 312 00 00\r\n'||'1377727800   2.492e-04  7.159e-04 1003 312 00 00\r\n'||'1377727800   2.491e-04  7.159e-04 1003 312 00 00\r\n'||'1377727800   2.490e-04  7.159e-04 1003 312 00 00\r\n'||'1377727800   2.489e-04  7.159e-04 1003 312 00 00\r\n'||'1377727800   2.488e-04  7.159e-04 1003 312 00 00\r\n'||'1377727800   2.487e-04  7.159e-04 1003 312 00 00\r\n'||'1377727800   2.486e-04  7.159e-04 1003 312 00 00\r\n'||'1377727800   2.485e-04  7.159e-04 1003 312 00 00\r\n'||'1377727800   2.484e-04  7.159e-04 1003 312 00 00\r\n'||'1377727800   2.483e-04  7.159e-04 1003 312 00 00\r\n'||'1377727800   2.482e-04  7.159e-04 1003 312 00 00\r\n'||'1377727800   2.481e-04  7.159e-04 1003 312 00 00\r\n'||'1377727800   2.480e-04  7.159e-04 1003 312 00 00\r\n'||'1377727800   2.479e-04  7.159e-04 1003 312 00 00\r\n'||'1377727800   2.478e-04  7.159e-04 1003 312 00 00\r\n'||'1377727800   2.477e-04  7.159e-04 1003 312 00 00\r\n'||'1377727800   2.476e-04  7.159e-04 1003 312 00 00\r\n'||'1377727800   2.475e-04  7.159e-04 1003 312 00 00\r\n'||'1377727800   2.474e-04  7.159e-04 1003 312 00 00\r\n'||'1377727800   2.472e-04  7.159e-04 1003 312 00 00\r\n'||'1377727800   2.471e-04  7.159e-04 1003 312 00 00\r\n'||'1377727800   2.470e-04  7.159e-04 1003 312 00 00\r\n'||'1377727800   2.469e-04  7.159e-04 1003 312 00 00\r\n'||'1377727800   2.468e-04  7.159e-04 1003 312 00 00\r\n'||'1377727800   2.468e-04  7.161e-04 1003 312 00 00\r\n'||'1377727800   2.468e-04  7.163e-04 1003 312 00 00\r\n'||'1377727800   2.468e-04  7.165e-04 1003 312 00 00\r\n'||'1377727800   2.468e-04  7.167e-04 1003 312 00 00\r\n'||'1377727800   2.468e-04  7.169e-04 1003 312 00 00\r\n'||'1377727800   2.468e-04  7.171e-04 1003 312 00 00\r\n'||'1377727800   2.468e-04  7.173e-04 1003 312 00 00\r\n'||'1377727800   2.468e-04  7.174e-04 1003 312 00 00\r\n'||'1377727800   2.468e-04  7.176e-04 1003 312 00 00\r\n'||'1377727800   2.468e-04  7.178e-04 1003 312 00 00\r\n'||'1377727800   2.467e-04  7.178e-04 1003 312 00 00\r\n'||'1377727800   2.466e-04  7.178e-04 1003 312 00 00\r\n'||'1377727800   2.465e-04  7.178e-04 1003 312 00 00\r\n'||'1377727800   2.464e-04  7.178e-04 1003 312 00 00\r\n'||'1377727800   2.463e-04  7.178e-04 1003 312 00 00\r\n'||'1377727800   2.462e-04  7.178e-04 1003 312 00 00\r\n'||'1377727800   2.461e-04  7.178e-04 1003 312 00 00\r\n'||'1377727800   2.460e-04  7.178e-04 1003 312 00 00\r\n'||'1377727800   2.459e-04  7.178e-04 1003 312 00 00\r\n'||'1377727800   2.458e-04  7.178e-04 1003 312 00 00\r\n'||'1377727800   2.457e-04  7.178e-04 1003 312 00 00\r\n'||'1377727800   2.456e-04  7.178e-04 1003 312 00 00\r\n'||'1377727800   2.456e-04  7.178e-04 1003 312 00 00\r\n'||'1377727800   2.455e-04  7.178e-04 1003 312 00 00\r\n'||'1377727800   2.454e-04  7.178e-04 1003 312 00 00\r\n'||'1377727800   2.453e-04  7.178e-04 1003 312 00 00\r\n'||'1377727800   2.453e-04  7.178e-04 1003 312 00 00\r\n'||'1377727800   2.452e-04  7.178e-04 1003 312 00 00\r\n'||'1377727800   2.451e-04  7.178e-04 1003 312 00 00\r\n'||'1377727800   2.451e-04  7.178e-04 1003 312 00 00\r\n'||'1377727800   2.450e-04  7.178e-04 1003 312 00 00\r\n'||'1377727800   2.450e-04  7.178e-04 1003 312 00 00\r\n'||'1377727800   2.449e-04  7.178e-04 1003 312 00 00\r\n'||'1377727800   2.448e-04  7.178e-04 1003 312 00 00\r\n'||'1377727800   2.448e-04  7.178e-04 1003 312 00 00\r\n'||'1377727800   2.447e-04  7.178e-04 1003 312 00 00\r\n'||'1377727800   2.447e-04  7.178e-04 1003 312 00 00\r\n'||'1377727800   2.446e-04  7.178e-04 1003 312 00 00\r\n'||'1377727800   2.446e-04  7.178e-04 1003 312 00 00\r\n'||'1377727800   2.445e-04  7.178e-04 1003 312 00 00\r\n'||'1377727800   2.445e-04  7.178e-04 1003 312 00 00\r\n'||'1377727800   2.445e-04  7.178e-04 1003 312 00 00\r\n'||'1377727800   2.444e-04  7.178e-04 1003 312 00 00\r\n'||'1377727800   2.444e-04  7.178e-04 1003 312 00 00\r\n'||'1377727800   2.444e-04  7.178e-04 1003 312 00 00\r\n'||'1377727800   2.444e-04  7.180e-04 1003 312 00 00\r\n'||'1377727800   2.444e-04  7.182e-04 1003 312 00 00\r\n'||'1377727800   2.444e-04  7.183e-04 1003 312 00 00\r\n'||'1377727800   2.444e-04  7.185e-04 1003 312 00 00\r\n'||'1377727800   2.444e-04  7.187e-04 1003 312 00 00\r\n'||'1377727800   2.444e-04  7.189e-04 1003 312 00 00\r\n'||'1377727800   2.444e-04  7.190e-04 1003 312 00 00\r\n'||'1377727800   2.444e-04  7.192e-04 1003 312 00 00\r\n'||'1377727800   2.444e-04  7.193e-04 1003 312 00 00\r\n'||'1377727800   2.444e-04  7.195e-04 1003 312 00 00\r\n'||'1377727800   2.443e-04  7.195e-04 1003 312 00 00\r\n'||'1377727800   2.443e-04  7.195e-04 1003 312 00 00\r\n'||'1377727800   2.443e-04  7.195e-04 1003 312 00 00\r\n'||'1377727800   2.443e-04  7.195e-04 1003 312 00 00\r\n'||'1377727800   2.443e-04  7.195e-04 1003 312 00 00\r\n'||'1377727800   2.443e-04  7.195e-04 1003 312 00 00\r\n'||'1377727800   2.443e-04  7.195e-04 1003 312 00 00\r\n'||'1377727800   2.443e-04  7.195e-04 1003 312 00 00\r\n'||'1377727800   2.443e-04  7.195e-04 1003 312 00 00\r\n'||'1377727800   2.443e-04  7.195e-04 1003 312 00 00\r\n'||'1377727800   2.443e-04  7.195e-04 1003 312 00 00\r\n'||'1377727800   2.443e-04  7.195e-04 1003 312 00 00\r\n'||'1377727800   2.443e-04  7.195e-04 1003 312 00 00\r\n'||'1377727800   2.443e-04  7.195e-04 1003 312 00 00\r\n'||'1377727800   2.443e-04  7.195e-04 1003 312 00 00\r\n'||'1377727800   2.443e-04  7.195e-04 1003 312 00 00\r\n'||'1377727800   2.443e-04  7.195e-04 1003 312 00 00\r\n'||'1377727800   2.443e-04  7.195e-04 1003 312 00 00\r\n'||'1377727800   2.444e-04  7.195e-04 1003 312 00 00\r\n'||'1377727800   2.444e-04  7.195e-04 1003 312 00 00\r\n'||'1377727800   2.444e-04  7.195e-04 1003 312 00 00\r\n'||'1377727800   2.444e-04  7.195e-04 1003 312 00 00\r\n'||'1377727800   2.444e-04  7.195e-04 1003 312 00 00\r\n'||'1377727800   2.445e-04  7.195e-04 1003 312 00 00\r\n'||'1377727800   2.445e-04  7.195e-04 1003 312 00 00\r\n'||'1377727800   2.445e-04  7.195e-04 1003 312 00 00\r\n'||'1377727800   2.446e-04  7.195e-04 1003 312 00 00\r\n'||'1377727800   2.446e-04  7.195e-04 1003 312 00 00\r\n'||'1377727800   2.447e-04  7.195e-04 1003 312 00 00\r\n'||'1377727800   2.447e-04  7.195e-04 1003 312 00 00\r\n'||'1377727800   2.448e-04  7.195e-04 1003 312 00 00\r\n'||'1377727800   2.449e-04  7.195e-04\n'||'1377727800   2.466e-04  7.210e-04 1003 312 00 00\r\n'||'1377727800   2.466e-04  7.210e-04 1003 312 00 00\r\n'||'1377727800   2.467e-04  7.210e-04 1003 312 00 00\r\n'||'1377727800   2.468e-04  7.210e-04 1003 312 00 00\r\n'||'1377727800   2.468e-04  7.210e-04 1003 312 00 00\r\n'
Wed Aug 28 15:11:02 2013||neph||[1377727860.0, 0.00024859661016949134, 0.0007228042372881355, 1003.0, 312.0, 0.0, 0.0]||'1377727860   2.469e-04  7.210e-04 1003 312 00 00\r\n'||'1377727860   2.470e-04  7.210e-04 1003 312 00 00\r\n'||'1377727860   2.470e-04  7.210e-04 1003 312 00 00\r\n'||'1377727860   2.471e-04  7.210e-04 1003 312 00 00\r\n'||'1377727860   2.472e-04  7.210e-04 1003 312 00 00\r\n'||'1377727860   2.472e-04  7.210e-04 1003 312 00 00\r\n'||'1377727860   2.473e-04  7.210e-04 1003 312 00 00\r\n'||'1377727860   2.473e-04  7.210e-04 1003 312 00 00\r\n'||'1377727860   2.474e-04  7.210e-04 1003 312 00 00\r\n'||'1377727860   2.474e-04  7.210e-04 1003 312 00 00\r\n'||'1377727860   2.474e-04  7.212e-04 1003 312 00 00\r\n'||'1377727860   2.474e-04  7.213e-04 1003 312 00 00\r\n'||'1377727860   2.474e-04  7.215e-04 1003 312 00 00\r\n'||'1377727860   2.474e-04  7.216e-04 1003 312 00 00\r\n'||'1377727860   2.474e-04  7.218e-04 1003 312 00 00\r\n'||'1377727860   2.474e-04  7.219e-04 1003 312 00 00\r\n'||'1377727860   2.474e-04  7.220e-04 1003 312 00 00\r\n'||'1377727860   2.474e-04  7.222e-04 1003 312 00 00\r\n'||'1377727860   2.474e-04  7.223e-04 1003 312 00 00\r\n'||'1377727860   2.474e-04  7.224e-04 1003 312 00 00\r\n'||'1377727860   2.475e-04  7.224e-04 1003 312 00 00\r\n'||'1377727860   2.475e-04  7.224e-04 1003 312 00 00\r\n'||'1377727860   2.476e-04  7.224e-04 1003 312 00 00\r\n'||'1377727860   2.476e-04  7.224e-04 1003 312 00 00\r\n'||'1377727860   2.477e-04  7.224e-04 1003 312 00 00\r\n'||'1377727860   2.477e-04  7.224e-04 1003 312 00 00\r\n'||'1377727860   2.478e-04  7.224e-04 1003 312 00 00\r\n'||'1377727860   2.478e-04  7.224e-04 1003 312 00 00\r\n'||'1377727860   2.479e-04  7.224e-04 1003 312 00 00\r\n'||'1377727860   2.479e-04  7.224e-04 1003 312 00 00\r\n'||'1377727860   2.480e-04  7.224e-04 1003 312 00 00\r\n'||'1377727860   2.480e-04  7.224e-04 1003 312 00 00\r\n'||'1377727860   2.481e-04  7.224e-04 1003 312 00 00\r\n'||'1377727860   2.481e-04  7.224e-04 1003 312 00 00\r\n'||'1377727860   2.481e-04  7.224e-04 1003 312 00 00\r\n'||'1377727860   2.482e-04  7.224e-04 1003 312 00 00\r\n'||'1377727860   2.482e-04  7.224e-04 1003 312 00 00\r\n'||'1377727860   2.482e-04  7.224e-04 1003 312 00 00\r\n'||'1377727860   2.483e-04  7.224e-04 1003 312 00 00\r\n'||'1377727860   2.483e-04  7.224e-04 1003 312 00 00\r\n'||'1377727860   2.483e-04  7.224e-04 1003 312 00 00\r\n'||'1377727860   2.484e-04  7.224e-04 1003 312 00 00\r\n'||'1377727860   2.484e-04  7.224e-04 1003 312 00 00\r\n'||'1377727860   2.484e-04  7.224e-04 1003 312 00 00\r\n'||'1377727860   2.485e-04  7.224e-04 1003 312 00 00\r\n'||'1377727860   2.485e-04  7.224e-04 1003 312 00 00\r\n'||'1377727860   2.485e-04  7.224e-04 1003 312 00 00\r\n'||'1377727860   2.486e-04  7.224e-04 1003 312 00 00\r\n'||'1377727860   2.486e-04  7.224e-04 1003 312 00 00\r\n'||'1377727860   2.486e-04  7.224e-04 1003 312 00 00\r\n'||'1377727860   2.486e-04  7.224e-04 1003 312 00 00\r\n'||'1377727860   2.487e-04  7.224e-04 1003 312 00 00\r\n'||'1377727860   2.487e-04  7.224e-04 1003 312 00 00\r\n'||'1377727860   2.487e-04  7.224e-04 1003 312 00 00\r\n'||'1377727860   2.487e-04  7.224e-04 1003 312 00 00\r\n'||'1377727860   2.487e-04  7.225e-04 1003 312 00 00\r\n'||'1377727860   2.487e-04  7.226e-04 1003 312 00 00\r\n'||'1377727860   2.487e-04  7.228e-04 1003 312 00 00\r\n'||'1377727860   2.487e-04  7.229e-04 1003 312 00 00\r\n'||'1377727860   2.487e-04  7.230e-04 1003 312 00 00\r\n'||'1377727860   2.487e-04  7.230e-04 1003 312 00 00\r\n'||'1377727860   2.487e-04  7.231e-04 1003 312 00 00\r\n'||'1377727860   2.487e-04  7.232e-04 1003 312 00 00\r\n'||'1377727860   2.487e-04  7.233e-04 1003 312 00 00\r\n'||'1377727860   2.487e-04  7.234e-04 1003 312 00 00\r\n'||'1377727860   2.487e-04  7.234e-04 1003 312 00 00\r\n'||'1377727860   2.488e-04  7.234e-04 1003 312 00 00\r\n'||'1377727860   2.488e-04  7.234e-04 1003 312 00 00\r\n'||'1377727860   2.488e-04  7.234e-04 1003 312 00 00\r\n'||'1377727860   2.489e-04  7.234e-04 1003 312 00 00\r\n'||'1377727860   2.489e-04  7.234e-04 1003 312 00 00\r\n'||'1377727860   2.489e-04  7.234e-04 1003 312 00 00\r\n'||'1377727860   2.489e-04  7.234e-04 1003 312 00 00\r\n'||'1377727860   2.490e-04  7.234e-04 1003 312 00 00\r\n'||'1377727860   2.490e-04  7.234e-04 1003 312 00 00\r\n'||'1377727860   2.490e-04  7.234e-04 1003 312 00 00\r\n'||'1377727860   2.490e-04  7.234e-04 1003 312 00 00\r\n'||'1377727860   2.491e-04  7.234e-04 1003 312 00 00\r\n'||'1377727860   2.491e-04  7.234e-04 1003 312 00 00\r\n'||'1377727860   2.491e-04  7.234e-04 1003 312 00 00\r\n'||'1377727860   2.492e-04  7.234e-04 1003 312 00 00\r\n'||'1377727860   2.492e-04  7.234e-04 1003 312 00 00\r\n'||'1377727860   2.492e-04  7.234e-04 1003 312 00 00\r\n'||'1377727860   2.493e-04  7.234e-04 1003 312 00 00\r\n'||'1377727860   2.493e-04  7.234e-04 1003 312 00 00\r\n'||'1377727860   2.493e-04  7.234e-04 1003 312 00 00\r\n'||'1377727860   2.494e-04  7.234e-04 1003 312 00 00\r\n'||'1377727860   2.494e-04  7.234e-04 1003 312 00 00\r\n'||'1377727860   2.494e-04  7.234e-04 1003 312 00 00\r\n'||'1377727860   2.494e-04  7.234e-04 1003 312 00 00\r\n'||'1377727860   2.495e-04  7.234e-04 1003 312 00 00\r\n'||'1377727860   2.495e-04  7.234e-04 1003 312 00 00\r\n'||'1377727860   2.495e-04  7.234e-04 1003 312 00 00\r\n'||'1377727860   2.495e-04  7.234e-04 1003 312 00 00\r\n'||'1377727860   2.495e-04  7.234e-04 1003 312 00 00\r\n'||'1377727860   2.496e-04  7.234e-04 1003 312 00 00\r\n'||'1377727860   2.496e-04  7.234e-04 1003 312 00 00\r\n'||'1377727860   2.496e-04  7.234e-04 1003 312 00 00\r\n'||'1377727860   2.496e-04  7.234e-04 1003 312 00 00\r\n'||'1377727860   2.496e-04  7.234e-04 1003 312 00 00\r\n'||'1377727860   2.496e-04  7.234e-04 1003 312 00 00\r\n'||'1377727860   2.496e-04  7.235e-04 1003 312 00 00\r\n'||'1377727860   2.496e-04  7.236e-04 1003 312 00 00\r\n'||'1377727860   2.496e-04  7.237e-04 1003 312 00 00\r\n'||'1377727860   2.496e-04  7.237e-04 1003 312 00 00\r\n'||'1377727860   2.496e-04  7.238e-04 1003 312 00 00\r\n'||'1377727860   2.496e-04  7.239e-04 1003 312 00 00\r\n'||'1377727860   2.496e-04  7.239e-04 1003 312 00 00\r\n'||'1377727860   2.496e-04  7.240e-04 1003 312 00 00\r\n'||'1377727860   2.496e-04  7.240e-04 1003 312 00 00\r\n'||'1377727860   2.496e-04  7.240e-04 1003 312 00 00\r\n'||'1377727860   2.496e-04  7.240e-04\n'||'1377727860   2.496e-04  7.240e-04 1003 312 00 00\r\n'||'1377727860   2.496e-04  7.240e-04 1003 312 00 00\r\n'||'1377727860   2.495e-04  7.240e-04 1003 312 00 00\r\n'||'1377727860   2.495e-04  7.240e-04 1003 312 00 00\r\n'||'1377727860   2.495e-04  7.241e-04 1003 312 00 00\r\n'||'1377727860   2.495e-04  7.241e-04 1003 312 00 00\r\n'||'1377727860   2.495e-04  7.242e-04 1003 312 00 00\r\n'
Wed Aug 28 15:12:03 2013||neph||[1377727920.0, 0.00024760254237288112, 0.00072468728813559439, 1003.0, 312.0, 0.0, 0.0]||'1377727920   2.495e-04  7.242e-04 1003 312 00 00\r\n'||'1377727920   2.495e-04  7.243e-04 1003 312 00 00\r\n'||'1377727920   2.495e-04  7.243e-04 1003 312 00 00\r\n'||'1377727920   2.495e-04  7.243e-04 1003 312 00 00\r\n'||'1377727920   2.495e-04  7.244e-04 1003 312 00 00\r\n'||'1377727920   2.495e-04  7.244e-04 1003 312 00 00\r\n'||'1377727920   2.495e-04  7.245e-04 1003 312 00 00\r\n'||'1377727920   2.495e-04  7.245e-04 1003 312 00 00\r\n'||'1377727920   2.494e-04  7.245e-04 1003 312 00 00\r\n'||'1377727920   2.494e-04  7.245e-04 1003 312 00 00\r\n'||'1377727920   2.494e-04  7.245e-04 1003 312 00 00\r\n'||'1377727920   2.493e-04  7.245e-04 1003 312 00 00\r\n'||'1377727920   2.493e-04  7.245e-04 1003 312 00 00\r\n'||'1377727920   2.493e-04  7.245e-04 1003 312 00 00\r\n'||'1377727920   2.492e-04  7.245e-04 1003 312 00 00\r\n'||'1377727920   2.492e-04  7.245e-04 1003 312 00 00\r\n'||'1377727920   2.492e-04  7.245e-04 1003 312 00 00\r\n'||'1377727920   2.491e-04  7.245e-04 1003 312 00 00\r\n'||'1377727920   2.491e-04  7.245e-04 1003 312 00 00\r\n'||'1377727920   2.491e-04  7.245e-04 1003 312 00 00\r\n'||'1377727920   2.490e-04  7.245e-04 1003 312 00 00\r\n'||'1377727920   2.490e-04  7.245e-04 1003 312 00 00\r\n'||'1377727920   2.489e-04  7.245e-04 1003 312 00 00\r\n'||'1377727920   2.489e-04  7.245e-04 1003 312 00 00\r\n'||'1377727920   2.488e-04  7.245e-04 1003 312 00 00\r\n'||'1377727920   2.488e-04  7.245e-04 1003 312 00 00\r\n'||'1377727920   2.487e-04  7.245e-04 1003 312 00 00\r\n'||'1377727920   2.487e-04  7.245e-04 1003 312 00 00\r\n'||'1377727920   2.486e-04  7.245e-04 1003 312 00 00\r\n'||'1377727920   2.486e-04  7.245e-04 1003 312 00 00\r\n'||'1377727920   2.485e-04  7.245e-04 1003 312 00 00\r\n'||'1377727920   2.484e-04  7.245e-04 1003 312 00 00\r\n'||'1377727920   2.484e-04  7.245e-04 1003 312 00 00\r\n'||'1377727920   2.483e-04  7.245e-04 1003 312 00 00\r\n'||'1377727920   2.482e-04  7.245e-04 1003 312 00 00\r\n'||'1377727920   2.481e-04  7.245e-04 1003 312 00 00\r\n'||'1377727920   2.481e-04  7.245e-04 1003 312 00 00\r\n'||'1377727920   2.480e-04  7.245e-04 1003 312 00 00\r\n'||'1377727920   2.479e-04  7.245e-04 1003 312 00 00\r\n'||'1377727920   2.478e-04  7.245e-04 1003 312 00 00\r\n'||'1377727920   2.477e-04  7.245e-04 1003 312 00 00\r\n'||'1377727920   2.477e-04  7.245e-04 1003 312 00 00\r\n'||'1377727920   2.477e-04  7.245e-04 1003 312 00 00\r\n'||'1377727920   2.477e-04  7.245e-04 1003 312 00 00\r\n'||'1377727920   2.477e-04  7.246e-04 1003 312 00 00\r\n'||'1377727920   2.477e-04  7.246e-04 1003 312 00 00\r\n'||'1377727920   2.477e-04  7.246e-04 1003 312 00 00\r\n'||'1377727920   2.477e-04  7.246e-04 1003 312 00 00\r\n'||'1377727920   2.477e-04  7.247e-04 1003 312 00 00\r\n'||'1377727920   2.477e-04  7.247e-04 1003 312 00 00\r\n'||'1377727920   2.477e-04  7.247e-04 1003 312 00 00\r\n'||'1377727920   2.477e-04  7.247e-04 1003 312 00 00\r\n'||'1377727920   2.476e-04  7.247e-04 1003 312 00 00\r\n'||'1377727920   2.475e-04  7.247e-04 1003 312 00 00\r\n'||'1377727920   2.474e-04  7.247e-04 1003 312 00 00\r\n'||'1377727920   2.473e-04  7.247e-04 1003 312 00 00\r\n'||'1377727920   2.472e-04  7.247e-04 1003 312 00 00\r\n'||'1377727920   2.472e-04  7.247e-04 1003 312 00 00\r\n'||'1377727920   2.471e-04  7.247e-04 1003 312 00 00\r\n'||'1377727920   2.470e-04  7.247e-04 1003 312 00 00\r\n'||'1377727920   2.469e-04  7.247e-04 1003 312 00 00\r\n'||'1377727920   2.469e-04  7.247e-04 1003 312 00 00\r\n'||'1377727920   2.468e-04  7.247e-04 1003 312 00 00\r\n'||'1377727920   2.468e-04  7.247e-04 1003 312 00 00\r\n'||'1377727920   2.467e-04  7.247e-04 1003 312 00 00\r\n'||'1377727920   2.467e-04  7.247e-04 1003 312 00 00\r\n'||'1377727920   2.466e-04  7.247e-04 1003 312 00 00\r\n'||'1377727920   2.466e-04  7.247e-04 1003 312 00 00\r\n'||'1377727920   2.466e-04  7.247e-04 1003 312 00 00\r\n'||'1377727920   2.465e-04  7.247e-04 1003 312 00 00\r\n'||'1377727920   2.465e-04  7.247e-04 1003 312 00 00\r\n'||'1377727920   2.465e-04  7.247e-04 1003 312 00 00\r\n'||'1377727920   2.465e-04  7.247e-04 1003 312 00 00\r\n'||'1377727920   2.465e-04  7.247e-04 1003 312 00 00\r\n'||'1377727920   2.465e-04  7.247e-04 1003 312 00 00\r\n'||'1377727920   2.465e-04  7.247e-04 1003 312 00 00\r\n'||'1377727920   2.465e-04  7.247e-04 1003 312 00 00\r\n'||'1377727920   2.465e-04  7.247e-04 1003 312 00 00\r\n'||'1377727920   2.465e-04  7.247e-04 1003 312 00 00\r\n'||'1377727920   2.465e-04  7.247e-04 1003 312 00 00\r\n'||'1377727920   2.465e-04  7.247e-04 1003 312 00 00\r\n'||'1377727920   2.465e-04  7.247e-04 1003 312 00 00\r\n'||'1377727920   2.465e-04  7.247e-04 1003 312 00 00\r\n'||'1377727920   2.465e-04  7.247e-04 1003 312 00 00\r\n'||'1377727920   2.465e-04  7.247e-04 1003 312 00 00\r\n'||'1377727920   2.466e-04  7.247e-04 1003 312 00 00\r\n'||'1377727920   2.466e-04  7.247e-04 1003 312 00 00\r\n'||'1377727920   2.466e-04  7.248e-04 1003 312 00 00\r\n'||'1377727920   2.466e-04  7.248e-04 1003 312 00 00\r\n'||'1377727920   2.466e-04  7.248e-04 1003 312 00 00\r\n'||'1377727920   2.466e-04  7.248e-04 1003 312 00 00\r\n'||'1377727920   2.466e-04  7.249e-04 1003 312 00 00\r\n'||'1377727920   2.466e-04  7.249e-04 1003 312 00 00\r\n'||'1377727920   2.466e-04  7.249e-04 1003 312 00 00\r\n'||'1377727920   2.466e-04  7.249e-04 1003 312 00 00\r\n'||'1377727920   2.466e-04  7.250e-04 1003 312 00 00\r\n'||'1377727920   2.466e-04  7.250e-04 1003 312 00 00\r\n'||'1377727920   2.466e-04  7.250e-04 1003 312 00 00\r\n'||'1377727920   2.466e-04  7.250e-04 1003 312 00 00\r\n'||'1377727920   2.466e-04  7.250e-04 1003 312 00 00\r\n'||'1377727920   2.466e-04  7.250e-04 1003 312 00 00\r\n'||'1377727920   2.467e-04  7.250e-04 1003 312 00 00\r\n'||'1377727920   2.467e-04  7.250e-04 1003 312 00 00\r\n'||'1377727920   2.467e-04  7.250e-04 1003 312 00 00\r\n'||'1377727920   2.468e-04  7.250e-04 1003 312 00 00\r\n'||'1377727920   2.468e-04  7.250e-04 1003 312 00 00\r\n'||'1377727920   2.468e-04  7.250e-04 1003 312 00 00\r\n'||'1377727920   2.468e-04  7.250e-04 1003 312 00 00\r\n'||'1377727920   2.469e-04  7.250e-04 1003 312 00 00\r\n'||'1377727920   2.469e-04  7.250e-04 1003 312 00 00\r\n'||'1377727920   2.469e-04  7.250e-04 1003 312 00 00\r\n'||'1377727920   2.470e-04  7.250e-04\n'||'1377727920   2.473e-04  7.251e-04 1003 312 00 00\r\n'||'1377727920   2.473e-04  7.251e-04 1003 312 00 00\r\n'||'1377727920   2.473e-04  7.251e-04 1003 312 00 00\r\n'||'1377727920   2.474e-04  7.251e-04 1003 312 00 00\r\n'||'1377727920   2.474e-04  7.251e-04 1003 312 00 00\r\n'||'1377727920   2.474e-04  7.251e-04 1003 312 00 00\r\n'||'1377727920   2.474e-04  7.251e-04 1003 312 00 00\r\n'
