"30-aug-13","00:00",  4043,  3.3, 0.0215, 1.4381, 0.0216,  .9064, 1.00, 8.048
"30-aug-13","00:01",  6534,  3.3, 0.0215, 1.4269, 0.0216,  .9059, 1.00, 8.778
"30-aug-13","00:02", 11347,  3.3, 0.0215, 1.4092, 0.0216,  .9059, 1.00,10.047
"30-aug-13","00:03", 13215,  3.3, 0.0215, 1.3887, 0.0216,  .9058, 1.00,11.523
"30-aug-13","00:04", 13359,  3.3, 0.0215, 1.3675, 0.0216,  .9052, 1.00,13.016
"30-aug-13","00:05",  8224,  3.3, 0.0215, 1.3554, 0.0216,  .9053, 1.00,13.934
"30-aug-13","00:06", 10583,  3.3, 0.0215, 1.3397, 0.0216,  .9053, 1.00,15.115
"30-aug-13","00:07", 11828,  3.3, 0.0215, 1.3222, 0.0216,  .9051, 1.00,16.436
"30-aug-13","00:08",  8261,  3.3, 0.0215, 1.3096, 0.0216,  .9047, 1.00,17.358
"30-aug-13","00:09",  6499,  3.3, 0.0215, 1.3007, 0.0216,  .9049, 1.00,18.083
"30-aug-13","00:10",  4625,  3.3, 0.0215, 1.2942, 0.0216,  .9050, 1.00,18.599
"30-aug-13","00:11",  2089,  3.3, 0.0215, 1.2914, 0.0216,  .9051, 1.00,18.832
"30-aug-13","00:12",  1535,  3.3, 0.0215, 1.2888, 0.0216,  .9049, 1.00,19.003
"30-aug-13","00:13",  2962,  3.3, 0.0215, 1.2845, 0.0216,  .9048, 1.00,19.334
"30-aug-13","00:14",  3941,  3.3, 0.0215, 1.2795, 0.0216,  .9051, 1.00,19.773
"30-aug-13","00:15",  4461,  3.3, 0.0215, 1.2735, 0.0216,  .9053, 1.00,20.271
"30-aug-13","00:16",  4802,  3.3, 0.0215, 1.2663, 0.0216,  .9049, 1.00,20.806
"30-aug-13","00:17",  4730,  3.3, 0.0215, 1.2601, 0.0216,  .9052, 1.00,21.333
"30-aug-13","00:18",  4950,  3.3, 0.0215, 1.2535, 0.0216,  .9053, 1.00,21.884
"30-aug-13","00:19",  4934,  3.3, 0.0215, 1.2469, 0.0216,  .9054, 1.00,22.434
"30-aug-13","00:20",  4224,  3.3, 0.0215, 1.2407, 0.0216,  .9051, 1.00,22.904
"30-aug-13","00:21",  4125,  3.3, 0.0215, 1.2350, 0.0216,  .9051, 1.00,23.364
"30-aug-13","00:22",  4904,  3.3, 0.0215, 1.2289, 0.0216,  .9054, 1.00,23.910
"30-aug-13","00:23",  5164,  3.3, 0.0215, 1.2222, 0.0216,  .9055, 1.00,24.484
"30-aug-13","00:24",  4294,  3.3, 0.0215, 1.2160, 0.0216,  .9052, 1.00,24.962
"30-aug-13","00:25",  3968,  3.3, 0.0215, 1.2112, 0.0216,  .9055, 1.00,25.404
"30-aug-13","00:26",  4510,  3.3, 0.0215, 1.2054, 0.0216,  .9057, 1.00,25.906
"30-aug-13","00:27",  4370,  3.3, 0.0215, 1.1998, 0.0216,  .9058, 1.00,26.392
"30-aug-13","00:28",  4318,  3.3, 0.0215, 1.1937, 0.0216,  .9054, 1.00,26.872
"30-aug-13","00:29",  3859,  3.3, 0.0215, 1.1891, 0.0216,  .9058, 1.00,27.301
"30-aug-13","00:30",  3189,  3.3, 0.0215, 1.1851, 0.0216,  .9059, 1.00,27.656
"30-aug-13","00:31",  3259,  3.3, 0.0215, 1.1805, 0.0216,  .9056, 1.00,28.018
"30-aug-13","00:32",  3336,  3.3, 0.0215, 1.1762, 0.0216,  .9056, 1.00,28.389
"30-aug-13","00:33",  3642,  3.3, 0.0215, 1.1720, 0.0216,  .9059, 1.00,28.794
"30-aug-13","00:34",  3733,  3.3, 0.0215, 1.1674, 0.0216,  .9060, 1.00,29.208
"30-aug-13","00:35",  3689,  3.3, 0.0215, 1.1628, 0.0216,  .9061, 1.00,29.618
"30-aug-13","00:36",  4257,  3.3, 0.0215, 1.1570, 0.0216,  .9058, 1.00,30.091
"30-aug-13","00:37",  3928,  3.3, 0.0215, 1.1525, 0.0216,  .9061, 1.00,30.528
"30-aug-13","00:38",  4467,  3.3, 0.0215, 1.1470, 0.0216,  .9062, 1.00,31.024
"30-aug-13","00:39",  6102,  3.3, 0.0215, 1.1395, 0.0216,  .9062, 1.00,31.701
"30-aug-13","00:40",  5227,  3.3, 0.0215, 1.1325, 0.0216,  .9059, 1.00,32.282
"30-aug-13","00:41",  5977,  3.3, 0.0215, 1.1254, 0.0216,  .9061, 1.00,32.945
"30-aug-13","00:42", 18442,  3.3, 0.0215, 1.1030, 0.0216,  .9060, 1.00,34.991
"30-aug-13","00:43",  7776,  3.3, 0.0215, 1.0938, 0.0216,  .9061, 1.00,35.854
"30-aug-13","00:44",  5396,  3.3, 0.0215, 1.0870, 0.0216,  .9057, 1.00,36.453
"30-aug-13","00:45",  4141,  3.3, 0.0215, 1.0824, 0.0216,  .9060, 1.00,36.912
"30-aug-13","00:46",  4002,  3.3, 0.0215, 1.0778, 0.0216,  .9061, 1.00,37.356
"30-aug-13","00:47",  3665,  3.3, 0.0215, 1.0736, 0.0216,  .9062, 1.00,37.763
"30-aug-13","00:48",  4264,  3.3, 0.0215, 1.0683, 0.0216,  .9059, 1.00,38.236
"30-aug-13","00:49",  3303,  3.3, 0.0215, 1.0648, 0.0216,  .9061, 1.00,38.602
"30-aug-13","00:50",  2923,  3.3, 0.0215, 1.0616, 0.0216,  .9063, 1.00,38.926
"30-aug-13","00:51",  3271,  3.3, 0.0215, 1.0574, 0.0216,  .9059, 1.00,39.289
"30-aug-13","00:52",  3602,  3.3, 0.0215, 1.0533, 0.0216,  .9059, 1.00,39.688
"30-aug-13","00:53",  3937,  3.3, 0.0215, 1.0492, 0.0216,  .9063, 1.00,40.124
"30-aug-13","00:54",  3785,  3.3, 0.0215, 1.0450, 0.0216,  .9064, 1.00,40.543
"30-aug-13","00:55",  3322,  3.3, 0.0215, 1.0413, 0.0216,  .9064, 1.00,40.911
"30-aug-13","00:56",  3471,  3.3, 0.0215, 1.0370, 0.0216,  .9061, 1.00,41.295
"30-aug-13","00:57",  3882,  3.3, 0.0215, 1.0330, 0.0216,  .9064, 1.00,41.725
"30-aug-13","00:58",  3894,  3.3, 0.0215, 1.0288, 0.0216,  .9065, 1.00,42.156
"30-aug-13","00:59",  2805,  3.3, 0.0215, 1.0253, 0.0216,  .9062, 1.00,42.467
"30-aug-13","01:00",  2763,  3.3, 0.0215, 1.0223, 0.0216,  .9062, 1.00,42.772
"30-aug-13","01:01",  2785,  3.3, 0.0215, 1.0196, 0.0216,  .9066, 1.00,43.080
"30-aug-13","01:02",  3071,  3.3, 0.0215, 1.0163, 0.0216,  .9067, 1.00,43.420
"30-aug-13","01:03",  3092,  3.3, 0.0215, 1.0126, 0.0216,  .9064, 1.00,43.762
"30-aug-13","01:04",  2558,  3.3, 0.0215, 1.0098, 0.0216,  .9064, 1.00,44.045
"30-aug-13","01:05",  2568,  3.3, 0.0215, 1.0074, 0.0216,  .9068, 1.00,44.329
"30-aug-13","01:06",  2390,  3.3, 0.0215, 1.0050, 0.0216,  .9070, 1.00,44.593
"30-aug-13","01:07",  2387,  3.3, 0.0215, 1.0021, 0.0216,  .9067, 1.00,44.857
"30-aug-13","01:08",  2457,  3.3, 0.0215,  .9994, 0.0216,  .9066, 1.00,45.129
"30-aug-13","01:09",  2707,  3.3, 0.0215,  .9968, 0.0216,  .9070, 1.00,45.428
"30-aug-13","01:10",  2984,  3.3, 0.0215,  .9938, 0.0216,  .9071, 1.00,45.757
"30-aug-13","01:11",  4914,  3.3, 0.0215,  .9882, 0.0216,  .9068, 1.00,46.300
"30-aug-13","01:12",  5041,  3.3, 0.0215,  .9829, 0.0216,  .9068, 1.00,46.857
"30-aug-13","01:13",  3471,  3.3, 0.0215,  .9795, 0.0216,  .9071, 1.00,47.240
"30-aug-13","01:14",  3829,  3.3, 0.0215,  .9757, 0.0216,  .9073, 1.00,47.663
"30-aug-13","01:15",  2871,  3.3, 0.0215,  .9727, 0.0216,  .9074, 1.00,47.980
"30-aug-13","01:16",  3411,  3.3, 0.0215,  .9688, 0.0216,  .9071, 1.00,48.356
"30-aug-13","01:17",  2868,  3.3, 0.0215,  .9661, 0.0216,  .9074, 1.00,48.673
"30-aug-13","01:18",  1413,  3.3, 0.0215,  .9648, 0.0216,  .9075, 1.00,48.828
"30-aug-13","01:19",  2072,  3.3, 0.0215,  .9624, 0.0216,  .9073, 1.00,49.057
"30-aug-13","01:20",  2549,  3.3, 0.0215,  .9597, 0.0216,  .9072, 1.00,49.338
"30-aug-13","01:21",  2487,  3.3, 0.0215,  .9575, 0.0216,  .9076, 1.00,49.613
"30-aug-13","01:22",  2824,  3.3, 0.0215,  .9548, 0.0216,  .9077, 1.00,49.924
"30-aug-13","01:23",  2751,  3.3, 0.0215,  .9516, 0.0216,  .9074, 1.00,50.228
"30-aug-13","01:24",  2242,  3.3, 0.0215,  .9493, 0.0216,  .9074, 1.00,50.475
"30-aug-13","01:25",  2238,  3.3, 0.0215,  .9474, 0.0216,  .9078, 1.00,50.722
"30-aug-13","01:26",  2574,  3.3, 0.0215,  .9450, 0.0216,  .9080, 1.00,51.005
"30-aug-13","01:27",  2495,  3.3, 0.0215,  .9421, 0.0216,  .9077, 1.00,51.280
"30-aug-13","01:28",  2456,  3.3, 0.0215,  .9396, 0.0216,  .9076, 1.00,51.551
"30-aug-13","01:29",  1798,  3.3, 0.0215,  .9382, 0.0216,  .9080, 1.00,51.749
"30-aug-13","01:30",  2120,  3.3, 0.0215,  .9362, 0.0216,  .9082, 1.00,51.983
"30-aug-13","01:31",  2480,  3.3, 0.0215,  .9335, 0.0216,  .9079, 1.00,52.256
"30-aug-13","01:32",  3435,  3.3, 0.0215,  .9300, 0.0216,  .9079, 1.00,52.634
"30-aug-13","01:33",  3847,  3.3, 0.0215,  .9265, 0.0216,  .9082, 1.00,53.057
"30-aug-13","01:34",  3498,  3.3, 0.0215,  .9232, 0.0216,  .9084, 1.00,53.442
"30-aug-13","01:35",  3388,  3.3, 0.0215,  .9195, 0.0216,  .9081, 1.00,53.815
"30-aug-13","01:36",  2933,  3.3, 0.0215,  .9166, 0.0216,  .9081, 1.00,54.137
"30-aug-13","01:37",  2689,  3.3, 0.0215,  .9143, 0.0216,  .9084, 1.00,54.433
"30-aug-13","01:38",  2425,  3.3, 0.0215,  .9121, 0.0216,  .9086, 1.00,54.700
"30-aug-13","01:39",  1702,  3.3, 0.0215,  .9101, 0.0216,  .9083, 1.00,54.887
"30-aug-13","01:40",  2209,  3.3, 0.0215,  .9080, 0.0216,  .9083, 1.00,55.130
"30-aug-13","01:41",  2329,  3.3, 0.0215,  .9061, 0.0216,  .9086, 1.00,55.386
"30-aug-13","01:42",  2763,  3.3, 0.0215,  .9036, 0.0216,  .9088, 1.00,55.689
"30-aug-13","01:43",  2664,  3.3, 0.0215,  .9007, 0.0216,  .9085, 1.00,55.982
"30-aug-13","01:44",  2536,  3.3, 0.0215,  .8982, 0.0216,  .9085, 1.00,56.261
"30-aug-13","01:45",  2374,  3.3, 0.0215,  .8963, 0.0216,  .9089, 1.00,56.521
"30-aug-13","01:46",  2081,  3.3, 0.0215,  .8945, 0.0216,  .9091, 1.00,56.750
"30-aug-13","01:47",  2795,  3.3, 0.0215,  .8916, 0.0216,  .9088, 1.00,57.057
"30-aug-13","01:48",  2793,  3.3, 0.0215,  .8889, 0.0216,  .9088, 1.00,57.363
"30-aug-13","01:49",  4021,  3.3, 0.0215,  .8854, 0.0216,  .9092, 1.00,57.805
"30-aug-13","01:50",  4580,  3.3, 0.0215,  .8812, 0.0216,  .9093, 1.00,58.307
"30-aug-13","01:51",  6183,  3.3, 0.0215,  .8751, 0.0216,  .9090, 1.00,58.986
"30-aug-13","01:52",  5813,  3.3, 0.0215,  .8697, 0.0216,  .9090, 1.00,59.623
"30-aug-13","01:53",  3105,  3.3, 0.0215,  .8672, 0.0216,  .9093, 1.00,59.963
"30-aug-13","01:54",  3643,  3.3, 0.0215,  .8640, 0.0216,  .9095, 1.00,60.363
"30-aug-13","01:55",  5594,  3.3, 0.0215,  .8585, 0.0216,  .9092, 1.00,60.976
"30-aug-13","01:56",  6730,  3.2, 0.0215,  .8523, 0.0216,  .9091, 1.00,61.713
"30-aug-13","01:57",  5997,  3.2, 0.0215,  .8472, 0.0216,  .9095, 1.00,62.370
"30-aug-13","01:58",  5096,  3.2, 0.0215,  .8427, 0.0216,  .9096, 1.00,62.928
"30-aug-13","01:59",  4959,  3.2, 0.0215,  .8380, 0.0216,  .9093, 1.00,63.471
"30-aug-13","02:00",  3764,  3.2, 0.0215,  .8346, 0.0216,  .9093, 1.00,63.883
"30-aug-13","02:01",  3074,  3.2, 0.0215,  .8322, 0.0216,  .9097, 1.00,64.220
"30-aug-13","02:02",  2643,  3.2, 0.0215,  .8300, 0.0216,  .9098, 1.00,64.509
"30-aug-13","02:03",  2289,  3.2, 0.0215,  .8277, 0.0216,  .9095, 1.00,64.759
"30-aug-13","02:04",  2905,  3.2, 0.0215,  .8252, 0.0216,  .9096, 1.00,65.077
"30-aug-13","02:05",  2524,  3.2, 0.0215,  .8233, 0.0216,  .9099, 1.00,65.353
"30-aug-13","02:06",  2275,  3.2, 0.0215,  .8214, 0.0216,  .9100, 1.00,65.601
"30-aug-13","02:07",  1720,  3.2, 0.0215,  .8197, 0.0216,  .9098, 1.00,65.789
"30-aug-13","02:08",  1222,  3.2, 0.0215,  .8186, 0.0216,  .9098, 1.00,65.923
"30-aug-13","02:09",   731,  3.2, 0.0215,  .8183, 0.0216,  .9101, 1.00,66.003
"30-aug-13","02:10",  1147,  3.2, 0.0215,  .8175, 0.0216,  .9103, 1.00,66.128
"30-aug-13","02:11",   977,  3.2, 0.0215,  .8164, 0.0216,  .9100, 1.00,66.235
"30-aug-13","02:12",  1623,  3.2, 0.0215,  .8150, 0.0216,  .9101, 1.00,66.412
"30-aug-13","02:13",  1752,  3.2, 0.0215,  .8138, 0.0216,  .9104, 1.00,66.603
"30-aug-13","02:14",  1580,  3.2, 0.0215,  .8126, 0.0216,  .9106, 1.00,66.776
"30-aug-13","02:15",  1523,  3.2, 0.0215,  .8110, 0.0216,  .9103, 1.00,66.942
"30-aug-13","02:16",  1743,  3.2, 0.0215,  .8095, 0.0216,  .9103, 1.00,67.132
"30-aug-13","02:17",  1870,  3.2, 0.0215,  .8082, 0.0216,  .9107, 1.00,67.336
"30-aug-13","02:18",  1775,  3.2, 0.0215,  .8068, 0.0216,  .9108, 1.00,67.530
"30-aug-13","02:19",  3245,  3.2, 0.0215,  .8038, 0.0216,  .9106, 1.00,67.884
"30-aug-13","02:20",  2077,  3.2, 0.0215,  .8020, 0.0216,  .9105, 1.00,68.110
"30-aug-13","02:21",  1610,  3.2, 0.0215,  .8010, 0.0216,  .9109, 1.00,68.286
"30-aug-13","02:22",  1654,  3.2, 0.0215,  .7997, 0.0216,  .9110, 1.00,68.466
"30-aug-13","02:23",  2254,  3.2, 0.0215,  .7976, 0.0216,  .9108, 1.00,68.712
"30-aug-13","02:24",  2153,  3.2, 0.0215,  .7957, 0.0216,  .9107, 1.00,68.947
"30-aug-13","02:25",  3574,  3.2, 0.0215,  .7930, 0.0216,  .9111, 1.00,69.336
"30-aug-13","02:26",  3005,  3.2, 0.0215,  .7907, 0.0216,  .9113, 1.00,69.664
"30-aug-13","02:27",  2437,  3.2, 0.0215,  .7883, 0.0216,  .9110, 1.00,69.929
"30-aug-13","02:28",  2283,  3.2, 0.0215,  .7865, 0.0216,  .9110, 1.00,70.178
"30-aug-13","02:29",  1989,  3.2, 0.0215,  .7851, 0.0216,  .9114, 1.00,70.394
"30-aug-13","02:30",  1936,  3.2, 0.0215,  .7837, 0.0216,  .9115, 1.00,70.605
"30-aug-13","02:31",  2211,  3.2, 0.0215,  .7816, 0.0216,  .9112, 1.00,70.846
"30-aug-13","02:32",  1945,  3.2, 0.0215,  .7800, 0.0216,  .9112, 1.00,71.058
"30-aug-13","02:33",  1478,  3.2, 0.0215,  .7790, 0.0216,  .9116, 1.00,71.219
"30-aug-13","02:34",  1234,  3.2, 0.0215,  .7782, 0.0216,  .9117, 1.00,71.353
"30-aug-13","02:35",  2111,  3.2, 0.0215,  .7762, 0.0216,  .9114, 1.00,71.582
"30-aug-13","02:36",  3689,  3.2, 0.0215,  .7732, 0.0216,  .9115, 1.00,71.984
"30-aug-13","02:37",  2474,  3.2, 0.0215,  .7714, 0.0216,  .9118, 1.00,72.253
"30-aug-13","02:38",  2667,  3.2, 0.0215,  .7694, 0.0216,  .9120, 1.00,72.543
"30-aug-13","02:39",  2914,  3.2, 0.0215,  .7668, 0.0216,  .9117, 1.00,72.860
"30-aug-13","02:40",  1605,  3.2, 0.0215,  .7655, 0.0216,  .9117, 1.00,73.034
"30-aug-13","02:41",  1060,  3.2, 0.0215,  .7649, 0.0216,  .9120, 1.00,73.149
"30-aug-13","02:42",  1389,  3.2, 0.0215,  .7640, 0.0216,  .9122, 1.00,73.300
"30-aug-13","02:43",  1632,  3.2, 0.0215,  .7624, 0.0216,  .9119, 1.00,73.477
"30-aug-13","02:44",   960,  3.2, 0.0215,  .7617, 0.0216,  .9119, 1.00,73.582
"30-aug-13","02:45",   607,  3.2, 0.0215,  .7615, 0.0216,  .9123, 1.00,73.648
"30-aug-13","02:46",   598,  3.2, 0.0215,  .7612, 0.0216,  .9125, 1.00,73.713
"30-aug-13","02:47",   641,  3.2, 0.0215,  .7604, 0.0216,  .9122, 1.00,73.782
"30-aug-13","02:48",   403,  3.2, 0.0215,  .7601, 0.0216,  .9122, 1.00,73.826
"30-aug-13","02:49",   300,  3.2, 0.0215,  .7602, 0.0216,  .9127, 1.00,73.859
"30-aug-13","02:50",   244,  3.2, 0.0215,  .7602, 0.0216,  .9129, 1.00,73.885
"30-aug-13","02:51",   335,  3.2, 0.0215,  .7597, 0.0216,  .9126, 1.00,73.922
"30-aug-13","02:52",   229,  3.2, 0.0215,  .7598, 0.0216,  .9129, 1.00,73.946
"30-aug-13","02:53",   177,  3.2, 0.0215,  .7598, 0.0216,  .9131, 1.00,73.966
"30-aug-13","02:54",   325,  3.2, 0.0215,  .7596, 0.0216,  .9132, 1.00,74.001
"30-aug-13","02:55",   393,  3.2, 0.0215,  .7591, 0.0216,  .9130, 1.00,74.044
"30-aug-13","02:56",   177,  3.2, 0.0215,  .7590, 0.0216,  .9130, 1.00,74.063
"30-aug-13","02:57",   102,  3.2, 0.0215,  .7592, 0.0216,  .9133, 1.00,74.074
"30-aug-13","02:58",   188,  3.2, 0.0215,  .7592, 0.0216,  .9135, 1.00,74.094
"30-aug-13","02:59",   379,  3.2, 0.0215,  .7587, 0.0216,  .9133, 1.00,74.136
"30-aug-13","03:00",   328,  3.2, 0.0215,  .7587, 0.0216,  .9136, 1.00,74.171
"30-aug-13","03:01",   242,  3.2, 0.0215,  .7586, 0.0216,  .9138, 1.00,74.197
"30-aug-13","03:02",   249,  3.2, 0.0215,  .7585, 0.0216,  .9139, 1.00,74.224
"30-aug-13","03:03",   617,  3.2, 0.0215,  .7578, 0.0216,  .9136, 1.00,74.291
"30-aug-13","03:04",   708,  3.2, 0.0215,  .7572, 0.0216,  .9136, 1.00,74.368
"30-aug-13","03:05",  1131,  3.2, 0.0215,  .7566, 0.0216,  .9139, 1.00,74.490
"30-aug-13","03:06",  1297,  3.2, 0.0215,  .7557, 0.0216,  .9141, 1.00,74.631
"30-aug-13","03:07",  1177,  3.2, 0.0215,  .7545, 0.0216,  .9138, 1.00,74.758
"30-aug-13","03:08",  1194,  3.2, 0.0215,  .7536, 0.0216,  .9138, 1.00,74.887
"30-aug-13","03:09",  1150,  3.2, 0.0215,  .7530, 0.0216,  .9142, 1.00,75.011
"30-aug-13","03:10",  2361,  3.2, 0.0215,  .7512, 0.0216,  .9143, 1.00,75.266
"30-aug-13","03:11",  2197,  3.2, 0.0215,  .7493, 0.0216,  .9140, 1.00,75.504
"30-aug-13","03:12",  2619,  3.2, 0.0215,  .7475, 0.0216,  .9144, 1.00,75.787
"30-aug-13","03:13",  1852,  3.2, 0.0215,  .7462, 0.0216,  .9145, 1.00,75.987
"30-aug-13","03:14",  2597,  3.2, 0.0215,  .7442, 0.0216,  .9146, 1.00,76.271
"30-aug-13","03:15",  1539,  3.2, 0.0215,  .7428, 0.0216,  .9144, 1.00,76.437
"30-aug-13","03:16",  1700,  3.2, 0.0215,  .7414, 0.0216,  .9143, 1.00,76.621
"30-aug-13","03:17",  1703,  3.2, 0.0215,  .7404, 0.0216,  .9147, 1.00,76.804
"30-aug-13","03:18",  1736,  3.2, 0.0215,  .7392, 0.0216,  .9149, 1.00,76.992
"30-aug-13","03:19",  1858,  3.2, 0.0215,  .7375, 0.0216,  .9146, 1.00,77.192
"30-aug-13","03:20",  2179,  3.2, 0.0215,  .7361, 0.0216,  .9149, 1.00,77.427
"30-aug-13","03:21",  2350,  3.2, 0.0215,  .7344, 0.0216,  .9151, 1.00,77.680
"30-aug-13","03:22",  2517,  3.2, 0.0215,  .7325, 0.0216,  .9151, 1.00,77.952
"30-aug-13","03:23",  3655,  3.2, 0.0215,  .7295, 0.0216,  .9148, 1.00,78.345
"30-aug-13","03:24",  3226,  3.2, 0.0215,  .7271, 0.0216,  .9148, 1.00,78.693
"30-aug-13","03:25",  2415,  3.2, 0.0215,  .7255, 0.0216,  .9152, 1.00,78.953
"30-aug-13","03:26",  3859,  3.2, 0.0215,  .7227, 0.0216,  .9153, 1.00,79.369
"30-aug-13","03:27",  2164,  3.2, 0.0215,  .7209, 0.0216,  .9151, 1.00,79.602
"30-aug-13","03:28",  1332,  3.2, 0.0215,  .7201, 0.0216,  .9154, 1.00,79.745
"30-aug-13","03:29",  1523,  3.2, 0.0215,  .7191, 0.0216,  .9156, 1.00,79.909
"30-aug-13","03:30",  1779,  3.2, 0.0215,  .7179, 0.0216,  .9157, 1.00,80.101
"30-aug-13","03:31",  1644,  3.2, 0.0215,  .7164, 0.0216,  .9154, 1.00,80.278
"30-aug-13","03:32",  2186,  3.2, 0.0215,  .7150, 0.0216,  .9157, 1.00,80.513
"30-aug-13","03:33",  2989,  3.2, 0.0215,  .7129, 0.0216,  .9159, 1.00,80.834
"30-aug-13","03:34",  2770,  3.2, 0.0215,  .7109, 0.0216,  .9160, 1.00,81.132
"30-aug-13","03:35",  2024,  3.2, 0.0215,  .7092, 0.0216,  .9157, 1.00,81.350
"30-aug-13","03:36",  1888,  3.2, 0.0215,  .7081, 0.0216,  .9161, 1.00,81.553
"30-aug-13","03:37",  2274,  3.2, 0.0215,  .7066, 0.0216,  .9162, 1.00,81.797
"30-aug-13","03:38",  2375,  3.2, 0.0215,  .7049, 0.0216,  .9163, 1.00,82.053
"30-aug-13","03:39",  2393,  3.2, 0.0215,  .7029, 0.0216,  .9160, 1.00,82.310
"30-aug-13","03:40",  2298,  3.2, 0.0215,  .7015, 0.0216,  .9164, 1.00,82.557
"30-aug-13","03:41",  2053,  3.2, 0.0215,  .7001, 0.0216,  .9165, 1.00,82.777
"30-aug-13","03:42",  1507,  3.2, 0.0215,  .6991, 0.0216,  .9167, 1.00,82.939
"30-aug-13","03:43",  1372,  3.2, 0.0215,  .6979, 0.0216,  .9164, 1.00,83.086
"30-aug-13","03:44",  1524,  3.2, 0.0215,  .6970, 0.0216,  .9167, 1.00,83.250
"30-aug-13","03:45",  1576,  3.2, 0.0215,  .6960, 0.0216,  .9168, 1.00,83.419
"30-aug-13","03:46",  1459,  3.2, 0.0215,  .6947, 0.0216,  .9166, 1.00,83.576
"30-aug-13","03:47",  1923,  3.2, 0.0215,  .6934, 0.0216,  .9166, 1.00,83.782
"30-aug-13","03:48",  2079,  3.2, 0.0215,  .6921, 0.0216,  .9169, 1.00,84.005
"30-aug-13","03:49",  2833,  3.2, 0.0215,  .6903, 0.0216,  .9172, 1.00,84.309
"30-aug-13","03:50",  2598,  3.2, 0.0215,  .6885, 0.0216,  .9172, 1.00,84.587
"30-aug-13","03:51",  2736,  3.2, 0.0215,  .6863, 0.0216,  .9169, 1.00,84.880
"30-aug-13","03:52",  2964,  3.2, 0.0215,  .6844, 0.0216,  .9172, 1.00,85.198
"30-aug-13","03:53",  2915,  3.2, 0.0215,  .6825, 0.0216,  .9174, 1.00,85.510
"30-aug-13","03:54",  3314,  3.2, 0.0215,  .6799, 0.0216,  .9171, 1.00,85.865
"30-aug-13","03:55",  2732,  3.2, 0.0215,  .6780, 0.0216,  .9171, 1.00,86.158
"30-aug-13","03:56",  2683,  3.2, 0.0215,  .6763, 0.0216,  .9175, 1.00,86.445
"30-aug-13","03:57",  3832,  3.2, 0.0215,  .6738, 0.0216,  .9176, 1.00,86.855
"30-aug-13","03:58",  2078,  3.2, 0.0215,  .6724, 0.0216,  .9177, 1.00,87.078
"30-aug-13","03:59",  1795,  3.2, 0.0215,  .6709, 0.0216,  .9174, 1.00,87.270
"30-aug-13","04:00",  1552,  3.2, 0.0215,  .6701, 0.0216,  .9177, 1.00,87.436
"30-aug-13","04:01",  1397,  3.2, 0.0215,  .6692, 0.0216,  .9179, 1.00,87.585
"30-aug-13","04:02",  1446,  3.2, 0.0215,  .6683, 0.0216,  .9180, 1.00,87.740
"30-aug-13","04:03",  1776,  3.2, 0.0215,  .6668, 0.0216,  .9177, 1.00,87.930
"30-aug-13","04:04",  1271,  3.2, 0.0215,  .6662, 0.0216,  .9180, 1.00,88.066
"30-aug-13","04:05",  1127,  3.2, 0.0215,  .6655, 0.0216,  .9182, 1.00,88.187
"30-aug-13","04:06",  1096,  3.2, 0.0215,  .6645, 0.0216,  .9178, 1.00,88.304
"30-aug-13","04:07",   772,  3.2, 0.0215,  .6640, 0.0216,  .9178, 1.00,88.386
"30-aug-13","04:08",  1038,  3.2, 0.0215,  .6635, 0.0216,  .9182, 1.00,88.497
"30-aug-13","04:09",   791,  3.2, 0.0215,  .6631, 0.0216,  .9183, 1.00,88.582
"30-aug-13","04:10",   725,  3.2, 0.0215,  .6627, 0.0216,  .9184, 1.00,88.659
"30-aug-13","04:11",   918,  3.2, 0.0215,  .6619, 0.0216,  .9181, 1.00,88.757
"30-aug-13","04:12",   775,  3.2, 0.0215,  .6615, 0.0216,  .9184, 1.00,88.840
"30-aug-13","04:13",   917,  3.2, 0.0215,  .6610, 0.0216,  .9186, 1.00,88.938
"30-aug-13","04:14",  1230,  3.2, 0.0215,  .6600, 0.0216,  .9183, 1.00,89.069
"30-aug-13","04:15",  1288,  3.2, 0.0215,  .6591, 0.0216,  .9184, 1.00,89.207
"30-aug-13","04:16",  1121,  3.2, 0.0215,  .6586, 0.0216,  .9187, 1.00,89.327
"30-aug-13","04:17",  1391,  3.2, 0.0215,  .6579, 0.0216,  .9190, 1.00,89.475
"30-aug-13","04:18",  1365,  3.2, 0.0215,  .6567, 0.0216,  .9187, 1.00,89.621
"30-aug-13","04:19",  1106,  3.2, 0.0215,  .6560, 0.0216,  .9187, 1.00,89.738
"30-aug-13","04:20",   941,  3.2, 0.0215,  .6557, 0.0216,  .9191, 1.00,89.839
"30-aug-13","04:21",   969,  3.2, 0.0215,  .6551, 0.0216,  .9193, 1.00,89.942
"30-aug-13","04:22",  1072,  3.2, 0.0215,  .6542, 0.0216,  .9190, 1.00,90.056
"30-aug-13","04:23",  1505,  3.2, 0.0215,  .6532, 0.0216,  .9190, 1.00,90.217
"30-aug-13","04:24",  1341,  3.2, 0.0215,  .6526, 0.0216,  .9194, 1.00,90.360
"30-aug-13","04:25",  1572,  3.2, 0.0215,  .6517, 0.0216,  .9196, 1.00,90.527
"30-aug-13","04:26",   895,  3.2, 0.0215,  .6509, 0.0216,  .9193, 1.00,90.623
"30-aug-13","04:27",   631,  3.2, 0.0215,  .6505, 0.0216,  .9193, 1.00,90.690
"30-aug-13","04:28",   923,  3.2, 0.0215,  .6501, 0.0216,  .9198, 1.00,90.788
"30-aug-13","04:29",  1070,  3.2, 0.0215,  .6495, 0.0216,  .9199, 1.00,90.902
"30-aug-13","04:30",  1140,  3.2, 0.0215,  .6485, 0.0216,  .9196, 1.00,91.024
"30-aug-13","04:31",   874,  3.2, 0.0215,  .6480, 0.0216,  .9196, 1.00,91.117
"30-aug-13","04:32",   762,  3.2, 0.0215,  .6477, 0.0216,  .9200, 1.00,91.198
"30-aug-13","04:33",   780,  3.2, 0.0215,  .6474, 0.0216,  .9202, 1.00,91.281
"30-aug-13","04:34",  1003,  3.2, 0.0215,  .6465, 0.0216,  .9199, 1.00,91.388
"30-aug-13","04:35",  1457,  3.2, 0.0215,  .6455, 0.0216,  .9199, 1.00,91.542
"30-aug-13","04:36",  1868,  3.2, 0.0215,  .6446, 0.0216,  .9203, 1.00,91.741
"30-aug-13","04:37",  2021,  3.2, 0.0215,  .6433, 0.0216,  .9205, 1.00,91.956
"30-aug-13","04:38",  1971,  3.2, 0.0215,  .6418, 0.0216,  .9202, 1.00,92.166
"30-aug-13","04:39",  2012,  3.2, 0.0215,  .6405, 0.0216,  .9202, 1.00,92.380
"30-aug-13","04:40",  1874,  3.2, 0.0215,  .6395, 0.0216,  .9205, 1.00,92.579
"30-aug-13","04:41",  1939,  3.2, 0.0215,  .6383, 0.0216,  .9207, 1.00,92.785
"30-aug-13","04:42",  2214,  3.1, 0.0215,  .6367, 0.0216,  .9204, 1.00,93.020
"30-aug-13","04:43",  2480,  3.1, 0.0215,  .6351, 0.0216,  .9204, 1.00,93.284
"30-aug-13","04:44",  1974,  3.1, 0.0215,  .6340, 0.0216,  .9208, 1.00,93.493
"30-aug-13","04:45",  1603,  3.1, 0.0215,  .6331, 0.0216,  .9210, 1.00,93.664
"30-aug-13","04:46",  1794,  3.1, 0.0215,  .6317, 0.0216,  .9206, 1.00,93.854
"30-aug-13","04:47",  1832,  3.1, 0.0215,  .6306, 0.0216,  .9207, 1.00,94.049
"30-aug-13","04:48",  1934,  3.1, 0.0215,  .6296, 0.0216,  .9210, 1.00,94.254
"30-aug-13","04:49",  1895,  3.1, 0.0215,  .6285, 0.0216,  .9212, 1.00,94.455
"30-aug-13","04:50",  1781,  3.1, 0.0215,  .6271, 0.0216,  .9209, 1.00,94.644
"30-aug-13","04:51",  1605,  3.1, 0.0215,  .6261, 0.0216,  .9209, 1.00,94.814
"30-aug-13","04:52",  1494,  3.1, 0.0215,  .6254, 0.0216,  .9213, 1.00,94.973
"30-aug-13","04:53",  1379,  3.1, 0.0215,  .6246, 0.0216,  .9215, 1.00,95.119
"30-aug-13","04:54",  1359,  3.1, 0.0215,  .6235, 0.0216,  .9211, 1.00,95.263
"30-aug-13","04:55",  1238,  3.1, 0.0215,  .6227, 0.0216,  .9211, 1.00,95.394
"30-aug-13","04:56",  1314,  3.1, 0.0215,  .6222, 0.0216,  .9215, 1.00,95.534
"30-aug-13","04:57",  1114,  3.1, 0.0215,  .6216, 0.0216,  .9217, 1.00,95.652
"30-aug-13","04:58",  1096,  3.1, 0.0215,  .6207, 0.0216,  .9214, 1.00,95.768
"30-aug-13","04:59",   783,  3.1, 0.0215,  .6202, 0.0216,  .9214, 1.00,95.851
"30-aug-13","05:00",   810,  3.1, 0.0215,  .6199, 0.0216,  .9218, 1.00,95.937
"30-aug-13","05:01",   827,  3.1, 0.0215,  .6195, 0.0216,  .9219, 1.00,96.024
"30-aug-13","05:02",   968,  3.1, 0.0215,  .6187, 0.0216,  .9217, 1.00,96.127
"30-aug-13","05:03",  1330,  3.1, 0.0215,  .6179, 0.0216,  .9217, 1.00,96.267
"30-aug-13","05:04",  1867,  3.1, 0.0215,  .6169, 0.0216,  .9221, 1.00,96.465
"30-aug-13","05:05",  2469,  3.1, 0.0215,  .6155, 0.0216,  .9222, 1.00,96.726
"30-aug-13","05:06",  2971,  3.1, 0.0215,  .6135, 0.0216,  .9220, 1.00,97.041
"30-aug-13","05:07",  3220,  3.1, 0.0215,  .6114, 0.0216,  .9219, 1.00,97.381
"30-aug-13","05:08",  2844,  3.1, 0.0215,  .6099, 0.0216,  .9223, 1.00,97.682
"30-aug-13","05:09",  3142,  3.1, 0.0215,  .6081, 0.0216,  .9225, 1.00,98.014
"30-aug-13","05:10",  3602,  3.1, 0.0215,  .6057, 0.0216,  .9222, 1.00,98.395
"30-aug-13","05:11",  3913,  3.1, 0.0215,  .6033, 0.0216,  .9222, 1.00,98.808
"30-aug-13","05:12",  3875,  3.1, 0.0215,  .6011, 0.0216,  .9226, 1.00,99.218
"30-aug-13","05:13",  3746,  3.1, 0.0215,  .5989, 0.0216,  .9227, 1.00,99.613
"30-aug-13","05:14",  3320,  3.1, 0.0215,  .5967, 0.0216,  .9225, 1.00,99.964
"30-aug-13","05:15",  3101,  3.1, 0.0215,  .5948, 0.0216,  .9225, 1.00,00.291
"30-aug-13","05:16",  3024,  3.1, 0.0215,  .5932, 0.0216,  .9228, 1.00,00.611
"30-aug-13","05:17",  3216,  3.1, 0.0215,  .5914, 0.0216,  .9230, 1.00,00.950
"30-aug-13","05:18",  3083,  3.1, 0.0215,  .5894, 0.0216,  .9227, 1.00,01.276
"30-aug-13","05:19",  3170,  3.1, 0.0215,  .5875, 0.0216,  .9226, 1.00,01.610
"30-aug-13","05:20",  3036,  3.1, 0.0215,  .5859, 0.0216,  .9230, 1.00,01.930
"30-aug-13","05:21",  3102,  3.1, 0.0215,  .5841, 0.0216,  .9231, 1.00,02.257
"30-aug-13","05:22",  3059,  3.1, 0.0215,  .5821, 0.0216,  .9229, 1.00,02.580
"30-aug-13","05:23",  2800,  3.1, 0.0215,  .5805, 0.0216,  .9229, 1.00,02.875
"30-aug-13","05:24",  2891,  3.1, 0.0215,  .5790, 0.0216,  .9233, 1.00,03.180
"30-aug-13","05:25",  2983,  3.1, 0.0215,  .5774, 0.0216,  .9234, 1.00,03.494
"30-aug-13","05:26",  2957,  3.1, 0.0215,  .5755, 0.0216,  .9231, 1.00,03.806
"30-aug-13","05:27",  3001,  3.1, 0.0215,  .5737, 0.0216,  .9231, 1.00,04.122
"30-aug-13","05:28",  2963,  3.1, 0.0215,  .5722, 0.0216,  .9235, 1.00,04.434
"30-aug-13","05:29",  2832,  3.1, 0.0215,  .5706, 0.0216,  .9236, 1.00,04.732
"30-aug-13","05:30",  2943,  3.1, 0.0215,  .5688, 0.0216,  .9234, 1.00,05.042
"30-aug-13","05:31",  2738,  3.1, 0.0215,  .5672, 0.0216,  .9233, 1.00,05.330
"30-aug-13","05:32",  2573,  3.1, 0.0215,  .5660, 0.0216,  .9237, 1.00,05.601
"30-aug-13","05:33",  2613,  3.1, 0.0215,  .5645, 0.0216,  .9239, 1.00,05.876
"30-aug-13","05:34",  2813,  3.1, 0.0215,  .5628, 0.0216,  .9236, 1.00,06.172
"30-aug-13","05:35",  2841,  3.1, 0.0215,  .5612, 0.0216,  .9236, 1.00,06.470
"30-aug-13","05:36",  2576,  3.1, 0.0215,  .5599, 0.0216,  .9240, 1.00,06.741
"30-aug-13","05:37",  2896,  3.1, 0.0215,  .5584, 0.0216,  .9241, 1.00,07.045
"30-aug-13","05:38",  2717,  3.1, 0.0215,  .5567, 0.0216,  .9238, 1.00,07.331
"30-aug-13","05:39",  2745,  3.1, 0.0215,  .5551, 0.0216,  .9238, 1.00,07.619
"30-aug-13","05:40",  2722,  3.1, 0.0215,  .5538, 0.0216,  .9242, 1.00,07.905
"30-aug-13","05:41",  2945,  3.1, 0.0215,  .5523, 0.0216,  .9243, 1.00,08.215
"30-aug-13","05:42",  2854,  3.1, 0.0215,  .5505, 0.0216,  .9241, 1.00,08.514
"30-aug-13","05:43",  3015,  3.1, 0.0215,  .5488, 0.0216,  .9240, 1.00,08.831
"30-aug-13","05:44",  3244,  3.1, 0.0215,  .5472, 0.0216,  .9244, 1.00,09.172
"30-aug-13","05:45",  3213,  3.1, 0.0215,  .5456, 0.0216,  .9246, 1.00,09.509
"30-aug-13","05:46",  3118,  3.1, 0.0215,  .5437, 0.0216,  .9243, 1.00,09.836
"30-aug-13","05:47",  2953,  3.1, 0.0215,  .5423, 0.0216,  .9246, 1.00,10.146
"30-aug-13","05:48",  3143,  3.1, 0.0215,  .5407, 0.0216,  .9248, 1.00,10.476
"30-aug-13","05:49",  3206,  3.1, 0.0215,  .5389, 0.0216,  .9248, 1.00,10.812
"30-aug-13","05:50",  3201,  3.1, 0.0215,  .5370, 0.0216,  .9245, 1.00,11.148
"30-aug-13","05:51",  3488,  3.1, 0.0215,  .5351, 0.0216,  .9245, 1.00,11.513
"30-aug-13","05:52",  3356,  3.1, 0.0215,  .5335, 0.0216,  .9248, 1.00,11.865
"30-aug-13","05:53",  3044,  3.1, 0.0215,  .5320, 0.0216,  .9250, 1.00,12.184
"30-aug-13","05:54",  3124,  3.1, 0.0215,  .5301, 0.0216,  .9247, 1.00,12.512
"30-aug-13","05:55",  2980,  3.1, 0.0215,  .5285, 0.0216,  .9246, 1.00,12.824
"30-aug-13","05:56",  2922,  3.1, 0.0215,  .5272, 0.0216,  .9250, 1.00,13.130
"30-aug-13","05:57",  2839,  3.1, 0.0215,  .5258, 0.0216,  .9251, 1.00,13.428
"30-aug-13","05:58",  3239,  3.1, 0.0215,  .5239, 0.0216,  .9248, 1.00,13.767
"30-aug-13","05:59",  3037,  3.1, 0.0215,  .5222, 0.0216,  .9248, 1.00,14.085
"30-aug-13","06:00",  2589,  3.1, 0.0215,  .5211, 0.0216,  .9251, 1.00,14.357
"30-aug-13","06:01",  2419,  3.1, 0.0215,  .5199, 0.0216,  .9253, 1.00,14.610
"30-aug-13","06:02",  2470,  3.1, 0.0215,  .5184, 0.0216,  .9249, 1.00,14.869
"30-aug-13","06:03",  2400,  3.1, 0.0215,  .5172, 0.0216,  .9249, 1.00,15.120
"30-aug-13","06:04",  2488,  3.1, 0.0215,  .5160, 0.0216,  .9252, 1.00,15.381
"30-aug-13","06:05",  2692,  3.1, 0.0215,  .5147, 0.0216,  .9254, 1.00,15.663
"30-aug-13","06:06",  2721,  3.1, 0.0215,  .5131, 0.0216,  .9250, 1.00,15.948
"30-aug-13","06:07",  2621,  3.1, 0.0215,  .5120, 0.0216,  .9253, 1.00,16.223
"30-aug-13","06:08",  2517,  3.1, 0.0215,  .5107, 0.0216,  .9254, 1.00,16.486
"30-aug-13","06:09",  2352,  3.1, 0.0215,  .5095, 0.0216,  .9254, 1.00,16.733
"30-aug-13","06:10",  2063,  3.1, 0.0215,  .5083, 0.0216,  .9251, 1.00,16.949
"30-aug-13","06:11",  2023,  3.1, 0.0215,  .5072, 0.0216,  .9250, 1.00,17.161
"30-aug-13","06:12",  1870,  3.1, 0.0215,  .5064, 0.0216,  .9253, 1.00,17.357
"30-aug-13","06:13",  1890,  3.1, 0.0215,  .5055, 0.0216,  .9254, 1.00,17.555
"30-aug-13","06:14",  2069,  3.1, 0.0215,  .5043, 0.0216,  .9250, 1.00,17.772
"30-aug-13","06:15",  2189,  3.1, 0.0215,  .5033, 0.0216,  .9253, 1.00,18.001
"30-aug-13","06:16",  2008,  3.1, 0.0215,  .5023, 0.0216,  .9254, 1.00,18.212
"30-aug-13","06:17",  1879,  3.1, 0.0215,  .5014, 0.0216,  .9253, 1.00,18.409
"30-aug-13","06:18",  1774,  3.1, 0.0215,  .5003, 0.0216,  .9250, 1.00,18.595
"30-aug-13","06:19",  1552,  3.1, 0.0215,  .4996, 0.0216,  .9252, 1.00,18.758
"30-aug-13","06:20",   868,  3.1, 0.0215,  .4992, 0.0216,  .9252, 1.00,18.849
"30-aug-13","06:21",   922,  3.1, 0.0215,  .4987, 0.0216,  .9252, 1.00,18.946
"30-aug-13","06:22",   897,  3.1, 0.0215,  .4981, 0.0216,  .9248, 1.00,19.040
"30-aug-13","06:23",   866,  3.1, 0.0215,  .4977, 0.0216,  .9250, 1.00,19.131
"30-aug-13","06:24",   778,  3.1, 0.0215,  .4974, 0.0216,  .9250, 1.00,19.212
"30-aug-13","06:25",   582,  3.1, 0.0215,  .4971, 0.0216,  .9250, 1.00,19.273
"30-aug-13","06:26",  1031,  3.1, 0.0215,  .4963, 0.0216,  .9245, 1.00,19.382
"30-aug-13","06:27",  1138,  3.1, 0.0215,  .4958, 0.0216,  .9247, 1.00,19.501
"30-aug-13","06:28",   931,  3.1, 0.0215,  .4954, 0.0216,  .9247, 1.00,19.599
"30-aug-13","06:29",   769,  3.1, 0.0215,  .4950, 0.0216,  .9247, 1.00,19.680
"30-aug-13","06:30",   955,  3.1, 0.0215,  .4942, 0.0216,  .9242, 1.00,19.780
"30-aug-13","06:31",   884,  3.1, 0.0215,  .4937, 0.0216,  .9240, 1.00,19.873
"30-aug-13","06:32",   518,  3.1, 0.0215,  .4936, 0.0216,  .9242, 1.00,19.927
"30-aug-13","06:33",   511,  3.1, 0.0215,  .4933, 0.0216,  .9243, 1.00,19.981
"30-aug-13","06:34",   548,  3.1, 0.0215,  .4928, 0.0216,  .9238, 1.00,20.039
"30-aug-13","06:35",   568,  3.1, 0.0215,  .4926, 0.0216,  .9239, 1.00,20.098
"30-aug-13","06:36",   834,  3.1, 0.0215,  .4922, 0.0216,  .9239, 1.00,20.186
"30-aug-13","06:37",   811,  3.1, 0.0215,  .4917, 0.0216,  .9238, 1.00,20.271
"30-aug-13","06:38",   636,  3.1, 0.0215,  .4911, 0.0216,  .9233, 1.00,20.338
"30-aug-13","06:39",   430,  3.1, 0.0215,  .4910, 0.0216,  .9234, 1.00,20.384
"30-aug-13","06:40",   386,  3.1, 0.0215,  .4908, 0.0216,  .9234, 1.00,20.424
"30-aug-13","06:41",   409,  3.1, 0.0215,  .4903, 0.0216,  .9229, 1.00,20.467
"30-aug-13","06:42",   415,  3.1, 0.0215,  .4900, 0.0216,  .9227, 1.00,20.511
"30-aug-13","06:43",   348,  3.1, 0.0215,  .4899, 0.0216,  .9228, 1.00,20.548
"30-aug-13","06:44",   509,  3.1, 0.0215,  .4896, 0.0216,  .9228, 1.00,20.602
"30-aug-13","06:45",   580,  3.1, 0.0215,  .4893, 0.0216,  .9227, 1.00,20.663
"30-aug-13","06:46",   695,  3.1, 0.0215,  .4887, 0.0216,  .9221, 1.00,20.736
"30-aug-13","06:47",   584,  3.1, 0.0215,  .4884, 0.0216,  .9222, 1.00,20.798
"30-aug-13","06:48",   906,  3.1, 0.0215,  .4879, 0.0216,  .9221, 1.00,20.893
"30-aug-13","06:49",   921,  3.1, 0.0215,  .4872, 0.0216,  .9216, 1.00,20.991
"30-aug-13","06:50",   794,  3.1, 0.0215,  .4867, 0.0216,  .9213, 1.00,21.074
"30-aug-13","06:51",   466,  3.1, 0.0215,  .4865, 0.0216,  .9214, 1.00,21.124
"30-aug-13","06:52",   526,  3.1, 0.0215,  .4862, 0.0216,  .9213, 1.00,21.179
"30-aug-13","06:53",   418,  3.1, 0.0215,  .4859, 0.0216,  .9212, 1.00,21.224
"30-aug-13","06:54",   533,  3.1, 0.0215,  .4853, 0.0216,  .9206, 1.00,21.280
"30-aug-13","06:55",   603,  3.1, 0.0215,  .4851, 0.0216,  .9206, 1.00,21.344
"30-aug-13","06:56",   475,  3.1, 0.0215,  .4847, 0.0216,  .9205, 1.00,21.394
"30-aug-13","06:57",   488,  3.1, 0.0215,  .4844, 0.0216,  .9203, 1.00,21.446
"30-aug-13","06:58",   437,  3.1, 0.0215,  .4839, 0.0216,  .9197, 1.00,21.492
"30-aug-13","06:59",   293,  3.1, 0.0215,  .4837, 0.0216,  .9197, 1.00,21.523
"30-aug-13","07:00",   335,  3.1, 0.0215,  .4835, 0.0216,  .9196, 1.00,21.559
"30-aug-13","07:01",   603,  3.1, 0.0215,  .4829, 0.0216,  .9189, 1.00,21.622
"30-aug-13","07:02",   710,  3.1, 0.0215,  .4824, 0.0216,  .9186, 1.00,21.698
"30-aug-13","07:03",   815,  3.1, 0.0215,  .4820, 0.0216,  .9186, 1.00,21.784
"30-aug-13","07:04",   712,  3.1, 0.0215,  .4815, 0.0216,  .9184, 1.00,21.860
"30-aug-13","07:05",   474,  3.1, 0.0215,  .4812, 0.0216,  .9182, 1.00,21.910
"30-aug-13","07:06",   594,  3.1, 0.0215,  .4805, 0.0216,  .9175, 1.00,21.973
"30-aug-13","07:07",  1298,  3.1, 0.0215,  .4799, 0.0216,  .9174, 1.00,22.111
"30-aug-13","07:08",  2266,  3.1, 0.0215,  .4787, 0.0216,  .9172, 1.00,22.351
"30-aug-13","07:09",  2270,  3.1, 0.0215,  .4772, 0.0216,  .9165, 1.00,22.592
"30-aug-13","07:10",  2584,  3.1, 0.0215,  .4758, 0.0216,  .9161, 1.00,22.867
"30-aug-13","07:11",  1818,  3.2, 0.0215,  .4749, 0.0216,  .9161, 1.00,23.060
"30-aug-13","07:12",  1787,  3.2, 0.0215,  .4739, 0.0216,  .9159, 1.00,23.250
"30-aug-13","07:13",  1336,  3.2, 0.0215,  .4731, 0.0216,  .9156, 1.00,23.392
"30-aug-13","07:14",  1578,  3.2, 0.0215,  .4720, 0.0216,  .9148, 1.00,23.560
"30-aug-13","07:15",  1336,  3.2, 0.0215,  .4713, 0.0216,  .9148, 1.00,23.703
"30-aug-13","07:16",  1222,  3.2, 0.0215,  .4706, 0.0216,  .9145, 1.00,23.833
"30-aug-13","07:17",  1596,  3.2, 0.0215,  .4694, 0.0216,  .9138, 1.00,24.003
"30-aug-13","07:18",  1469,  3.2, 0.0215,  .4685, 0.0216,  .9133, 1.00,24.160
"30-aug-13","07:19",  1476,  3.2, 0.0215,  .4678, 0.0216,  .9133, 1.00,24.317
"30-aug-13","07:20",  1375,  3.2, 0.0215,  .4670, 0.0216,  .9130, 1.00,24.464
"30-aug-13","07:21",  1356,  3.2, 0.0215,  .4660, 0.0216,  .9123, 1.00,24.609
"30-aug-13","07:22",   838,  3.2, 0.0215,  .4654, 0.0216,  .9118, 1.00,24.699
"30-aug-13","07:23",   675,  3.2, 0.0215,  .4650, 0.0216,  .9117, 1.00,24.771
"30-aug-13","07:24",   899,  3.2, 0.0215,  .4645, 0.0216,  .9115, 1.00,24.867
"30-aug-13","07:25",   872,  3.2, 0.0215,  .4636, 0.0216,  .9107, 1.00,24.961
"30-aug-13","07:26",   833,  3.2, 0.0215,  .4630, 0.0216,  .9102, 1.00,25.050
"30-aug-13","07:27",  1065,  3.2, 0.0215,  .4625, 0.0216,  .9102, 1.00,25.164
"30-aug-13","07:28",  1090,  3.2, 0.0215,  .4618, 0.0216,  .9098, 1.00,25.282
"30-aug-13","07:29",   968,  3.2, 0.0215,  .4610, 0.0216,  .9091, 1.00,25.386
"30-aug-13","07:30",  1167,  3.2, 0.0215,  .4602, 0.0216,  .9086, 1.00,25.511
"30-aug-13","07:31",  1216,  3.2, 0.0215,  .4596, 0.0216,  .9085, 1.00,25.642
"30-aug-13","07:32",  1383,  3.2, 0.0215,  .4588, 0.0216,  .9082, 1.00,25.792
"30-aug-13","07:33",  1683,  3.2, 0.0215,  .4576, 0.0216,  .9074, 1.00,25.974
"30-aug-13","07:34",  1472,  3.2, 0.0215,  .4566, 0.0216,  .9069, 1.00,26.133
"30-aug-13","07:35",  1622,  3.2, 0.0215,  .4558, 0.0216,  .9068, 1.00,26.308
"30-aug-13","07:36",  1616,  3.2, 0.0215,  .4549, 0.0216,  .9065, 1.00,26.483
"30-aug-13","07:37",  1487,  3.2, 0.0215,  .4538, 0.0216,  .9057, 1.00,26.644
"30-aug-13","07:38",  1659,  3.2, 0.0215,  .4528, 0.0216,  .9052, 1.00,26.825
"30-aug-13","07:39",  4984,  3.2, 0.0215,  .4504, 0.0216,  .9051, 1.00,27.366
"30-aug-13","07:40", 24090,  3.2, 0.0215,  .4390, 0.0216,  .9045, 1.00,29.986
"30-aug-13","07:41",  1598,  3.2, 0.0215,  .4380, 0.0216,  .9037, 1.00,30.160
"30-aug-13","07:42",  1461,  3.2, 0.0215,  .4370, 0.0216,  .9032, 1.00,30.319
"30-aug-13","07:43",  2031,  3.2, 0.0215,  .4361, 0.0216,  .9031, 1.00,30.540
"30-aug-13","07:44",  1713,  3.2, 0.0215,  .4351, 0.0216,  .9027, 1.00,30.727
"30-aug-13","07:45",  1768,  3.2, 0.0215,  .4340, 0.0216,  .9019, 1.00,30.921
"30-aug-13","07:46",  1594,  3.2, 0.0215,  .4330, 0.0216,  .9014, 1.00,31.095
"30-aug-13","07:47",  1697,  3.2, 0.0215,  .4322, 0.0216,  .9013, 1.00,31.281
"30-aug-13","07:48",  1645,  3.3, 0.0215,  .4313, 0.0216,  .9010, 1.00,31.461
"30-aug-13","07:49",  1663,  3.3, 0.0215,  .4302, 0.0216,  .9002, 1.00,31.644
"30-aug-13","07:50",  1403,  3.3, 0.0215,  .4293, 0.0216,  .8997, 1.00,31.798
"30-aug-13","07:51",  1345,  3.3, 0.0215,  .4286, 0.0216,  .8995, 1.00,31.946
"30-aug-13","07:52",  1503,  3.3, 0.0215,  .4278, 0.0216,  .8992, 1.00,32.111
"30-aug-13","07:53",  1875,  3.3, 0.0215,  .4266, 0.0216,  .8984, 1.00,32.317
"30-aug-13","07:54",  1740,  3.3, 0.0215,  .4256, 0.0216,  .8978, 1.00,32.509
"30-aug-13","07:55",  1737,  3.3, 0.0215,  .4247, 0.0216,  .8977, 1.00,32.701
"30-aug-13","07:56",  2008,  3.3, 0.0215,  .4237, 0.0216,  .8974, 1.00,32.922
"30-aug-13","07:57",  1972,  3.3, 0.0215,  .4224, 0.0216,  .8966, 1.00,33.140
"30-aug-13","07:58",  1938,  3.3, 0.0215,  .4214, 0.0216,  .8961, 1.00,33.355
"30-aug-13","07:59",  1964,  3.3, 0.0215,  .4204, 0.0216,  .8959, 1.00,33.572
"30-aug-13","08:00",  2267,  3.3, 0.0215,  .4193, 0.0216,  .8956, 1.00,33.823
"30-aug-13","08:01",  2114,  3.3, 0.0215,  .4179, 0.0216,  .8947, 1.00,34.057
"30-aug-13","08:02",  1888,  3.3, 0.0215,  .4169, 0.0216,  .8942, 1.00,34.267
"30-aug-13","08:03",  1982,  3.3, 0.0215,  .4159, 0.0216,  .8940, 1.00,34.487
"30-aug-13","08:04",  2136,  3.3, 0.0215,  .4149, 0.0216,  .8937, 1.00,34.724
"30-aug-13","08:05",  2179,  3.3, 0.0215,  .4135, 0.0216,  .8929, 1.00,34.966
"30-aug-13","08:06",  1665,  3.3, 0.0215,  .4126, 0.0216,  .8924, 1.00,35.151
"30-aug-13","08:07",  2146,  3.3, 0.0215,  .4116, 0.0216,  .8922, 1.00,35.390
"30-aug-13","08:08",  1948,  3.3, 0.0215,  .4106, 0.0216,  .8919, 1.00,35.607
"30-aug-13","08:09",  2028,  3.3, 0.0215,  .4095, 0.0216,  .8913, 1.00,35.833
"30-aug-13","08:10",  2542,  3.3, 0.0215,  .4085, 0.0216,  .8916, 1.00,36.116
"30-aug-13","08:11",  2516,  3.3, 0.0215,  .4075, 0.0216,  .8919, 1.00,36.396
"30-aug-13","08:12",  2288,  3.3, 0.0215,  .4065, 0.0216,  .8918, 1.00,36.650
"30-aug-13","08:13",  2231,  3.3, 0.0215,  .4053, 0.0216,  .8912, 1.00,36.898
"30-aug-13","08:14",  2232,  3.3, 0.0215,  .4042, 0.0216,  .8909, 1.00,37.145
"30-aug-13","08:15",  7290,  3.3, 0.0215,  .4012, 0.0216,  .8911, 1.00,37.953
"30-aug-13","08:16",  1226,  3.3, 0.0215,  .4007, 0.0216,  .8911, 1.00,38.089
"30-aug-13","08:17",   784,  3.3, 0.0215,  .4002, 0.0216,  .8906, 1.00,38.176
"30-aug-13","08:18",   894,  3.3, 0.0215,  .3997, 0.0216,  .8905, 1.00,38.275
"30-aug-13","08:19",   606,  3.3, 0.0215,  .3996, 0.0216,  .8907, 1.00,38.342
"30-aug-13","08:20",   888,  3.3, 0.0215,  .3992, 0.0216,  .8908, 1.00,38.440
"30-aug-13","08:21",   569,  3.3, 0.0215,  .3988, 0.0216,  .8904, 1.00,38.503
"30-aug-13","08:22",   602,  3.3, 0.0215,  .3986, 0.0216,  .8904, 1.00,38.569
"30-aug-13","08:23",   559,  3.3, 0.0215,  .3985, 0.0216,  .8907, 1.00,38.631
"30-aug-13","08:24",   409,  3.3, 0.0215,  .3984, 0.0216,  .8909, 1.00,38.676
"30-aug-13","08:25",   607,  3.3, 0.0215,  .3980, 0.0216,  .8907, 1.00,38.743
"30-aug-13","08:26",   777,  3.3, 0.0215,  .3977, 0.0216,  .8907, 1.00,38.828
"30-aug-13","08:27",   890,  3.3, 0.0215,  .3975, 0.0216,  .8911, 1.00,38.926
"30-aug-13","08:28",   159,  3.3, 0.0215,  .3975, 0.0216,  .8912, 1.00,38.943
"30-aug-13","08:29",   541,  3.3, 0.0215,  .3973, 0.0216,  .8911, 1.00,39.003
"30-aug-13","08:30",   725,  3.3, 0.0215,  .3970, 0.0216,  .8912, 1.00,39.082
"30-aug-13","08:31",   648,  3.3, 0.0215,  .3969, 0.0216,  .8915, 1.00,39.153
"30-aug-13","08:32",   450,  3.2, 0.0215,  .3968, 0.0216,  .8918, 1.00,39.203
"30-aug-13","08:33",   622,  3.2, 0.0215,  .3965, 0.0216,  .8917, 1.00,39.271
"30-aug-13","08:34",  1031,  3.2, 0.0215,  .3961, 0.0216,  .8918, 1.00,39.384
"30-aug-13","08:35",   894,  3.2, 0.0215,  .3960, 0.0216,  .8923, 1.00,39.482
"30-aug-13","08:36",   956,  3.2, 0.0215,  .3956, 0.0216,  .8925, 1.00,39.586
"30-aug-13","08:37",   621,  3.2, 0.0215,  .3953, 0.0216,  .8923, 1.00,39.654
"30-aug-13","08:38",   461,  3.2, 0.0215,  .3952, 0.0216,  .8924, 1.00,39.704
"30-aug-13","08:39",   688,  3.2, 0.0215,  .3951, 0.0216,  .8928, 1.00,39.780
"30-aug-13","08:40",   527,  3.2, 0.0215,  .3950, 0.0216,  .8931, 1.00,39.837
"30-aug-13","08:41",   616,  3.2, 0.0215,  .3947, 0.0216,  .8929, 1.00,39.905
"30-aug-13","08:42",   898,  3.2, 0.0215,  .3943, 0.0216,  .8929, 1.00,40.003
"30-aug-13","08:43",   245,  3.2, 0.0215,  .3944, 0.0216,  .8934, 1.00,40.030
"30-aug-13","08:44",   462,  3.2, 0.0215,  .3943, 0.0216,  .8936, 1.00,40.080
"30-aug-13","08:45",   581,  3.2, 0.0215,  .3940, 0.0216,  .8934, 1.00,40.144
"30-aug-13","08:46",   553,  3.2, 0.0215,  .3938, 0.0216,  .8935, 1.00,40.204
"30-aug-13","08:47",   507,  3.2, 0.0215,  .3938, 0.0216,  .8940, 1.00,40.259
"30-aug-13","08:48",   151,  3.2, 0.0215,  .3938, 0.0216,  .8942, 1.00,40.276
"30-aug-13","08:49",   758,  3.2, 0.0215,  .3934, 0.0216,  .8940, 1.00,40.358
"30-aug-13","08:50",   319,  3.2, 0.0215,  .3933, 0.0216,  .8940, 1.00,40.393
"30-aug-13","08:51",   320,  3.2, 0.0215,  .3934, 0.0216,  .8945, 1.00,40.428
"30-aug-13","08:52",   692,  3.2, 0.0215,  .3932, 0.0216,  .8947, 1.00,40.504
"30-aug-13","08:53",   634,  3.2, 0.0215,  .3928, 0.0216,  .8945, 1.00,40.573
"30-aug-13","08:54",   330,  3.2, 0.0215,  .3927, 0.0216,  .8945, 1.00,40.609
"30-aug-13","08:55",   745,  3.2, 0.0215,  .3926, 0.0216,  .8949, 1.00,40.690
"30-aug-13","08:56",   361,  3.2, 0.0215,  .3925, 0.0216,  .8951, 1.00,40.729
"30-aug-13","08:57",   605,  3.2, 0.0215,  .3922, 0.0216,  .8949, 1.00,40.795
"30-aug-13","08:58",   807,  3.2, 0.0215,  .3919, 0.0216,  .8949, 1.00,40.883
"30-aug-13","08:59",   429,  3.2, 0.0215,  .3919, 0.0216,  .8953, 1.00,40.930
"30-aug-13","09:00",   411,  3.2, 0.0215,  .3918, 0.0216,  .8955, 1.00,40.975
"30-aug-13","09:01",   367,  3.2, 0.0215,  .3915, 0.0216,  .8953, 1.00,41.015
"30-aug-13","09:02",   600,  3.2, 0.0215,  .3913, 0.0216,  .8953, 1.00,41.080
"30-aug-13","09:03",   727,  3.2, 0.0215,  .3912, 0.0216,  .8957, 1.00,41.159
"30-aug-13","09:04",   480,  3.2, 0.0215,  .3911, 0.0216,  .8959, 1.00,41.212
"30-aug-13","09:05",   460,  3.2, 0.0215,  .3908, 0.0216,  .8956, 1.00,41.262
"30-aug-13","09:06",   663,  3.2, 0.0215,  .3905, 0.0216,  .8956, 1.00,41.334
"30-aug-13","09:07",   571,  3.2, 0.0215,  .3904, 0.0216,  .8960, 1.00,41.396
"30-aug-13","09:08",  1112,  3.2, 0.0215,  .3900, 0.0216,  .8961, 1.00,41.517
"30-aug-13","09:09",   704,  3.2, 0.0215,  .3896, 0.0216,  .8959, 1.00,41.594
"30-aug-13","09:10",   536,  3.2, 0.0215,  .3896, 0.0216,  .8962, 1.00,41.652
"30-aug-13","09:11",   880,  3.2, 0.0215,  .3893, 0.0216,  .8963, 1.00,41.748
"30-aug-13","09:12",  1252,  3.2, 0.0215,  .3888, 0.0216,  .8964, 1.00,41.884
"30-aug-13","09:13",  5561,  3.2, 0.0215,  .3865, 0.0216,  .8961, 1.00,42.489
"30-aug-13","09:14",   385,  3.2, 0.0215,  .3863, 0.0216,  .8961, 1.00,42.531
"30-aug-13","09:15",   972,  3.2, 0.0215,  .3861, 0.0216,  .8965, 1.00,42.636
"30-aug-13","09:16",   328,  3.2, 0.0215,  .3860, 0.0216,  .8966, 1.00,42.672
"30-aug-13","09:17",   687,  3.2, 0.0215,  .3856, 0.0216,  .8963, 1.00,42.747
"30-aug-13","09:18",   490,  3.2, 0.0215,  .3854, 0.0216,  .8963, 1.00,42.800
"30-aug-13","09:19",   633,  3.2, 0.0215,  .3853, 0.0216,  .8966, 1.00,42.869
"30-aug-13","09:20",   563,  3.2, 0.0215,  .3851, 0.0216,  .8968, 1.00,42.930
"30-aug-13","09:21",   683,  3.2, 0.0215,  .3847, 0.0216,  .8965, 1.00,43.004
"30-aug-13","09:22",   845,  3.2, 0.0215,  .3845, 0.0216,  .8967, 1.00,43.096
"30-aug-13","09:23",  1046,  3.2, 0.0215,  .3842, 0.0216,  .8969, 1.00,43.210
"30-aug-13","09:24",   590,  3.2, 0.0215,  .3839, 0.0216,  .8969, 1.00,43.274
"30-aug-13","09:25",  1180,  3.2, 0.0215,  .3833, 0.0216,  .8966, 1.00,43.403
"30-aug-13","09:26",   486,  3.2, 0.0215,  .3831, 0.0216,  .8964, 1.00,43.456
"30-aug-13","09:27",   472,  3.2, 0.0215,  .3830, 0.0216,  .8967, 1.00,43.507
"30-aug-13","09:28",   489,  3.2, 0.0215,  .3829, 0.0216,  .8969, 1.00,43.560
"30-aug-13","09:29",   887,  3.2, 0.0215,  .3824, 0.0216,  .8966, 1.00,43.657
"30-aug-13","09:30",   322,  3.2, 0.0215,  .3824, 0.0216,  .8968, 1.00,43.692
"30-aug-13","09:31",   270,  3.2, 0.0215,  .3823, 0.0216,  .8969, 1.00,43.721
"30-aug-13","09:32",   670,  3.2, 0.0215,  .3821, 0.0216,  .8969, 1.00,43.794
"30-aug-13","09:33",   792,  3.2, 0.0215,  .3815, 0.0216,  .8964, 1.00,43.881
"30-aug-13","09:34",   403,  3.2, 0.0215,  .3813, 0.0216,  .8963, 1.00,43.924
"30-aug-13","09:35",   320,  3.2, 0.0215,  .3813, 0.0216,  .8966, 1.00,43.959
"30-aug-13","09:36",   524,  3.2, 0.0215,  .3811, 0.0216,  .8966, 1.00,44.016
"30-aug-13","09:37",   456,  3.2, 0.0215,  .3808, 0.0216,  .8962, 1.00,44.066
"30-aug-13","09:38",   500,  3.2, 0.0215,  .3806, 0.0216,  .8963, 1.00,44.121
"30-aug-13","09:39",   477,  3.2, 0.0215,  .3805, 0.0216,  .8964, 1.00,44.173
"30-aug-13","09:40",   435,  3.2, 0.0215,  .3803, 0.0216,  .8963, 1.00,44.220
"30-aug-13","09:41",  1109,  3.2, 0.0215,  .3797, 0.0216,  .8959, 1.00,44.341
"30-aug-13","09:42",   414,  3.2, 0.0215,  .3796, 0.0216,  .8960, 1.00,44.386
"30-aug-13","09:43",   453,  3.2, 0.0215,  .3794, 0.0216,  .8960, 1.00,44.436
"30-aug-13","09:44",   464,  3.2, 0.0215,  .3792, 0.0216,  .8959, 1.00,44.486
"30-aug-13","09:45",   267,  3.2, 0.0215,  .3789, 0.0216,  .8954, 1.00,44.516
"30-aug-13","09:46",   478,  3.2, 0.0215,  .3787, 0.0216,  .8956, 1.00,44.568
"30-aug-13","09:47",   488,  3.2, 0.0215,  .3785, 0.0216,  .8956, 1.00,44.621
"30-aug-13","09:48",   -39,  3.2, 0.0215,  .3785, 0.0216,  .8955, 1.00,44.617
"30-aug-13","09:49",   455,  3.2, 0.0215,  .3782, 0.0216,  .8951, 1.00,44.666
"30-aug-13","09:50",   359,  3.2, 0.0215,  .3781, 0.0216,  .8952, 1.00,44.706
"30-aug-13","09:51",   594,  3.2, 0.0215,  .3779, 0.0216,  .8952, 1.00,44.770
"30-aug-13","09:52",   575,  3.2, 0.0215,  .3776, 0.0216,  .8951, 1.00,44.833
"30-aug-13","09:53",   729,  3.2, 0.0215,  .3771, 0.0216,  .8946, 1.00,44.913
"30-aug-13","09:54",   -35,  3.2, 0.0215,  .3772, 0.0216,  .8948, 1.00,44.909
"30-aug-13","09:55",   526,  3.2, 0.0215,  .3770, 0.0216,  .8947, 1.00,44.966
"30-aug-13","09:56",    80,  3.2, 0.0215,  .3769, 0.0216,  .8947, 1.00,44.975
"30-aug-13","09:57",   539,  3.2, 0.0215,  .3765, 0.0216,  .8941, 1.00,45.034
"30-aug-13","09:58",   228,  3.2, 0.0215,  .3765, 0.0216,  .8943, 1.00,45.059
"30-aug-13","09:59",   606,  3.2, 0.0215,  .3762, 0.0216,  .8943, 1.00,45.125
"30-aug-13","10:00",   409,  3.2, 0.0215,  .3760, 0.0216,  .8942, 1.00,45.170
"30-aug-13","10:01",   720,  3.2, 0.0215,  .3755, 0.0216,  .8937, 1.00,45.249
"30-aug-13","10:02",    69,  3.2, 0.0215,  .3756, 0.0216,  .8938, 1.00,45.256
"30-aug-13","10:03",   576,  3.2, 0.0215,  .3754, 0.0216,  .8938, 1.00,45.319
"30-aug-13","10:04",   305,  3.2, 0.0215,  .3750, 0.0216,  .8933, 1.00,45.352
"30-aug-13","10:05",   363,  3.2, 0.0215,  .3748, 0.0216,  .8932, 1.00,45.392
"30-aug-13","10:06",   685,  3.2, 0.0215,  .3747, 0.0216,  .8934, 1.00,45.467
"30-aug-13","10:07",   391,  3.2, 0.0215,  .3745, 0.0216,  .8934, 1.00,45.510
"30-aug-13","10:08",  3394,  3.2, 0.0215,  .3731, 0.0216,  .8932, 1.00,45.880
"30-aug-13","10:09",  3230,  3.2, 0.0215,  .3717, 0.0216,  .8927, 1.00,46.233
"30-aug-13","10:10",   942,  3.2, 0.0215,  .3713, 0.0216,  .8928, 1.00,46.336
"30-aug-13","10:11",   294,  3.2, 0.0215,  .3712, 0.0216,  .8927, 1.00,46.368
"30-aug-13","10:12",   521,  3.2, 0.0215,  .3708, 0.0216,  .8923, 1.00,46.425
"30-aug-13","10:13",   400,  3.2, 0.0215,  .3706, 0.0216,  .8921, 1.00,46.469
"30-aug-13","10:14",   649,  3.2, 0.0215,  .3705, 0.0216,  .8923, 1.00,46.540
"30-aug-13","10:15",   224,  3.2, 0.0215,  .3704, 0.0216,  .8923, 1.00,46.564
"30-aug-13","10:16",   565,  3.2, 0.0215,  .3700, 0.0216,  .8918, 1.00,46.626
"30-aug-13","10:17",  1100,  3.2, 0.0215,  .3694, 0.0216,  .8916, 1.00,46.746
"30-aug-13","10:18",   5.4,  3.2, 0.0215,  .3695, 0.0216,  .8917, 1.00,46.747
"30-aug-13","10:19",   433,  3.2, 0.0215,  .3693, 0.0216,  .8918, 1.00,46.794
"30-aug-13","10:20",   209,  3.2, 0.0215,  .3692, 0.0216,  .8916, 1.00,46.817
"30-aug-13","10:21",   617,  3.2, 0.0215,  .3688, 0.0216,  .8911, 1.00,46.884
"30-aug-13","10:22",   491,  3.2, 0.0215,  .3687, 0.0216,  .8913, 1.00,46.938
"30-aug-13","10:23",   213,  3.2, 0.0215,  .3686, 0.0216,  .8912, 1.00,46.961
"30-aug-13","10:24",   557,  3.2, 0.0215,  .3682, 0.0216,  .8908, 1.00,47.022
"30-aug-13","10:25",   156,  3.2, 0.0215,  .3680, 0.0216,  .8905, 1.00,47.039
"30-aug-13","10:26",   336,  3.2, 0.0215,  .3679, 0.0216,  .8907, 1.00,47.076
"30-aug-13","10:27",   687,  3.2, 0.0215,  .3677, 0.0216,  .8907, 1.00,47.151
"30-aug-13","10:28",   656,  3.2, 0.0215,  .3674, 0.0216,  .8906, 1.00,47.223
"30-aug-13","10:29",   870,  3.2, 0.0215,  .3669, 0.0216,  .8902, 1.00,47.319
"30-aug-13","10:30",  1295,  3.2, 0.0215,  .3665, 0.0216,  .8903, 1.00,47.460
"30-aug-13","10:31",  1218,  3.2, 0.0215,  .3659, 0.0216,  .8902, 1.00,47.593
"30-aug-13","10:32",   537,  3.2, 0.0215,  .3656, 0.0216,  .8897, 1.00,47.652
"30-aug-13","10:33",   828,  3.2, 0.0215,  .3652, 0.0216,  .8895, 1.00,47.742
"30-aug-13","10:34",   967,  3.2, 0.0215,  .3649, 0.0216,  .8896, 1.00,47.848
"30-aug-13","10:35",   204,  3.2, 0.0215,  .3648, 0.0216,  .8897, 1.00,47.870
"30-aug-13","10:36",   812,  3.2, 0.0215,  .3643, 0.0216,  .8892, 1.00,47.959
"30-aug-13","10:37",   385,  3.2, 0.0215,  .3641, 0.0216,  .8890, 1.00,48.001
"30-aug-13","10:38",  1146,  3.2, 0.0215,  .3637, 0.0216,  .8892, 1.00,48.126
"30-aug-13","10:39",  2049,  3.2, 0.0215,  .3629, 0.0216,  .8891, 1.00,48.350
"30-aug-13","10:40",  1059,  3.2, 0.0215,  .3623, 0.0216,  .8886, 1.00,48.466
"30-aug-13","10:41",   629,  3.2, 0.0215,  .3620, 0.0216,  .8885, 1.00,48.535
"30-aug-13","10:42",   923,  3.2, 0.0215,  .3618, 0.0216,  .8886, 1.00,48.636
"30-aug-13","10:43",   275,  3.2, 0.0215,  .3616, 0.0216,  .8886, 1.00,48.666
"30-aug-13","10:44",   676,  3.2, 0.0215,  .3612, 0.0216,  .8881, 1.00,48.740
"30-aug-13","10:45",   905,  3.2, 0.0215,  .3608, 0.0216,  .8879, 1.00,48.839
"30-aug-13","10:46",   584,  3.2, 0.0215,  .3606, 0.0216,  .8880, 1.00,48.903
"30-aug-13","10:47",   562,  3.2, 0.0215,  .3604, 0.0216,  .8879, 1.00,48.965
"30-aug-13","10:48",   746,  3.3, 0.0215,  .3599, 0.0216,  .8873, 1.00,49.047
"30-aug-13","10:49",   630,  3.3, 0.0215,  .3595, 0.0216,  .8871, 1.00,49.116
"30-aug-13","10:50",  23.5,  3.3, 0.0215,  .3596, 0.0216,  .8873, 1.00,49.118
"30-aug-13","10:51",   453,  3.3, 0.0215,  .3594, 0.0216,  .8872, 1.00,49.168
"30-aug-13","10:52",   359,  3.3, 0.0215,  .3591, 0.0216,  .8867, 1.00,49.207
"30-aug-13","10:53",   717,  3.3, 0.0215,  .3587, 0.0216,  .8864, 1.00,49.286
"30-aug-13","10:54",    75,  3.3, 0.0215,  .3587, 0.0216,  .8866, 1.00,49.295
"30-aug-13","10:55",   445,  3.3, 0.0215,  .3586, 0.0216,  .8866, 1.00,49.343
"30-aug-13","10:56",   902,  3.3, 0.0215,  .3580, 0.0216,  .8860, 1.00,49.443
"30-aug-13","10:57",   578,  3.3, 0.0215,  .3577, 0.0216,  .8858, 1.00,49.506
"30-aug-13","10:58",   339,  3.3, 0.0215,  .3577, 0.0216,  .8860, 1.00,49.543
"30-aug-13","10:59",   369,  3.3, 0.0215,  .3575, 0.0216,  .8859, 1.00,49.584
"30-aug-13","11:00",   537,  3.3, 0.0215,  .3571, 0.0216,  .8855, 1.00,49.643
"30-aug-13","11:01",   540,  3.3, 0.0215,  .3569, 0.0216,  .8854, 1.00,49.703
"30-aug-13","11:02",   557,  3.3, 0.0215,  .3567, 0.0216,  .8855, 1.00,49.764
"30-aug-13","11:03",   386,  3.3, 0.0215,  .3566, 0.0216,  .8854, 1.00,49.806
"30-aug-13","11:04",   829,  3.3, 0.0215,  .3561, 0.0216,  .8849, 1.00,49.898
"30-aug-13","11:05",  1419,  3.3, 0.0215,  .3554, 0.0216,  .8846, 1.00,50.054
"30-aug-13","11:06","","","","","","","",""
"30-aug-13","11:07","","","","","","","",""
"30-aug-13","11:08","","","","","","","",""
"30-aug-13","11:09","","","","","","","",""
"30-aug-13","11:10","","","","","","","",""
"30-aug-13","11:11","","","","","","","",""
"30-aug-13","11:12","","","","","","","",""
"30-aug-13","11:13","","","","","","","",""
"30-aug-13","11:14","","","","","","","",""
"30-aug-13","11:15",  2567,  3.4, 0.0216, 1.6164, 0.0217,  .9029, 1.00,  .290
"30-aug-13","11:16",  4016,  3.4, 0.0216, 1.6060, 0.0217,  .9012, 1.00,  .743
"30-aug-13","11:17",  2010,  3.4, 0.0216, 1.6005, 0.0217,  .9001, 1.00,  .971
"30-aug-13","11:18",   956,  3.4, 0.0216, 1.5981, 0.0217,  .8997, 1.00, 1.079
"30-aug-13","11:19",   934,  3.4, 0.0216, 1.5956, 0.0217,  .8993, 1.00, 1.185
"30-aug-13","11:20",  2659,  3.4, 0.0216, 1.5892, 0.0217,  .8983, 1.00, 1.486
"30-aug-13","11:21",  1469,  3.4, 0.0216, 1.5859, 0.0217,  .8979, 1.00, 1.652
"30-aug-13","11:22",  1950,  3.4, 0.0216, 1.5822, 0.0217,  .8978, 1.00, 1.873
"30-aug-13","11:23",  3659,  3.4, 0.0216, 1.5753, 0.0217,  .8975, 1.00, 2.287
"30-aug-13","11:24",  4283,  3.4, 0.0216, 1.5665, 0.0217,  .8968, 1.00, 2.772
"30-aug-13","11:25",  1640,  3.4, 0.0216, 1.5632, 0.0217,  .8966, 1.00, 2.957
"30-aug-13","11:26",  1136,  3.4, 0.0216, 1.5616, 0.0217,  .8968, 1.00, 3.086
"30-aug-13","11:27",   832,  3.4, 0.0216, 1.5598, 0.0217,  .8966, 1.00, 3.180
"30-aug-13","11:28",   538,  3.4, 0.0216, 1.5579, 0.0217,  .8960, 1.00, 3.241
"30-aug-13","11:29",   614,  3.4, 0.0216, 1.5566, 0.0217,  .8959, 1.00, 3.310
"30-aug-13","11:30",   786,  3.4, 0.0216, 1.5555, 0.0217,  .8960, 1.00, 3.399
"30-aug-13","11:31",   941,  3.4, 0.0216, 1.5537, 0.0217,  .8959, 1.00, 3.506
"30-aug-13","11:32",   560,  3.4, 0.0216, 1.5513, 0.0217,  .8951, 1.00, 3.570
"30-aug-13","11:33",   863,  3.4, 0.0216, 1.5492, 0.0217,  .8948, 1.00, 3.668
"30-aug-13","11:34",   788,  3.4, 0.0216, 1.5483, 0.0217,  .8951, 1.00, 3.757
"30-aug-13","11:35",   782,  3.4, 0.0216, 1.5469, 0.0217,  .8950, 1.00, 3.846
"30-aug-13","11:36",   968,  3.4, 0.0216, 1.5444, 0.0217,  .8946, 1.00, 3.955
"30-aug-13","11:37",  1363,  3.4, 0.0216, 1.5417, 0.0217,  .8944, 1.00, 4.110
"30-aug-13","11:38",  1445,  3.4, 0.0216, 1.5396, 0.0217,  .8946, 1.00, 4.274
"30-aug-13","11:39",  1290,  3.4, 0.0216, 1.5376, 0.0217,  .8947, 1.00, 4.421
"30-aug-13","11:40",  1261,  3.4, 0.0216, 1.5347, 0.0217,  .8943, 1.00, 4.564
"30-aug-13","11:41",   598,  3.4, 0.0216, 1.5334, 0.0217,  .8941, 1.00, 4.632
"30-aug-13","11:42",   755,  3.4, 0.0216, 1.5324, 0.0217,  .8943, 1.00, 4.717
"30-aug-13","11:43",   994,  3.4, 0.0216, 1.5307, 0.0217,  .8943, 1.00, 4.830
"30-aug-13","11:44",  1213,  3.4, 0.0216, 1.5280, 0.0217,  .8940, 1.00, 4.968
"30-aug-13","11:45",  1313,  3.4, 0.0216, 1.5255, 0.0217,  .8938, 1.00, 5.117
"30-aug-13","11:46",   754,  3.4, 0.0216, 1.5245, 0.0217,  .8940, 1.00, 5.203
"30-aug-13","11:47",  1195,  3.4, 0.0216, 1.5225, 0.0217,  .8940, 1.00, 5.338
"30-aug-13","11:48",  1603,  3.4, 0.0216, 1.5190, 0.0217,  .8936, 1.00, 5.521
"30-aug-13","11:49",  1381,  3.4, 0.0216, 1.5166, 0.0217,  .8935, 1.00, 5.678
"30-aug-13","11:50",  1517,  3.4, 0.0216, 1.5141, 0.0217,  .8936, 1.00, 5.850
"30-aug-13","11:51",  1381,  3.4, 0.0216, 1.5116, 0.0217,  .8935, 1.00, 6.007
"30-aug-13","11:52",  1326,  3.4, 0.0216, 1.5088, 0.0217,  .8931, 1.00, 6.157
"30-aug-13","11:53",  1683,  3.4, 0.0216, 1.5058, 0.0217,  .8930, 1.00, 6.349
"30-aug-13","12:08",  1058,  3.4, 0.0217, 1.6414, 0.0217,  .9053, 1.00,  .122
"30-aug-13","12:09",   494,  3.4, 0.0217, 1.6383, 0.0217,  .9041, 1.00,  .179
"30-aug-13","12:10",  1689,  3.4, 0.0217, 1.6330, 0.0217,  .9029, 1.00,  .373
"30-aug-13","12:11",  1323,  3.4, 0.0217, 1.6293, 0.0217,  .9022, 1.00,  .525
"30-aug-13","12:12",  1721,  3.4, 0.0217, 1.6259, 0.0217,  .9021, 1.00,  .723
"30-aug-13","12:13",  2122,  3.4, 0.0217, 1.6217, 0.0217,  .9019, 1.00,  .967
"30-aug-13","12:14",  1739,  3.4, 0.0217, 1.6181, 0.0217,  .9017, 1.00, 1.167
"30-aug-13","12:15",  1332,  3.4, 0.0217, 1.6145, 0.0217,  .9011, 1.00, 1.320
"30-aug-13","12:16",  1488,  3.4, 0.0217, 1.6120, 0.0217,  .9012, 1.00, 1.490
"30-aug-13","12:17",  2619,  3.4, 0.0217, 1.6070, 0.0217,  .9011, 1.00, 1.791
"30-aug-13","12:18",  1653,  3.4, 0.0217, 1.6029, 0.0217,  .9004, 1.00, 1.980
"30-aug-13","12:19",   987,  3.4, 0.0217, 1.6007, 0.0217,  .9002, 1.00, 2.093
"30-aug-13","12:20",   608,  3.4, 0.0217, 1.6002, 0.0217,  .9006, 1.00, 2.163
"30-aug-13","12:21",  1163,  3.4, 0.0217, 1.5985, 0.0217,  .9008, 1.00, 2.296
"30-aug-13","12:22",  1551,  3.4, 0.0217, 1.5951, 0.0217,  .9005, 1.00, 2.473
"30-aug-13","12:23",  1282,  3.4, 0.0217, 1.5924, 0.0217,  .9002, 1.00, 2.620
"30-aug-13","12:24",   888,  3.4, 0.0217, 1.5912, 0.0217,  .9004, 1.00, 2.721
"30-aug-13","12:25",   949,  3.4, 0.0217, 1.5900, 0.0217,  .9007, 1.00, 2.830
"30-aug-13","12:26",   949,  3.4, 0.0217, 1.5884, 0.0217,  .9008, 1.00, 2.938
"30-aug-13","12:27",   725,  3.4, 0.0217, 1.5866, 0.0217,  .9005, 1.00, 3.021
"30-aug-13","12:28",  1417,  3.4, 0.0217, 1.5845, 0.0217,  .9008, 1.00, 3.183
"30-aug-13","12:29",   954,  3.4, 0.0217, 1.5826, 0.0217,  .9006, 1.00, 3.292
"30-aug-13","12:30",   922,  3.4, 0.0217, 1.5800, 0.0217,  .9001, 1.00, 3.398
"30-aug-13","12:31",   657,  3.4, 0.0217, 1.5789, 0.0217,  .9001, 1.00, 3.473
"30-aug-13","12:32",   445,  3.4, 0.0217, 1.5788, 0.0217,  .9005, 1.00, 3.524
"30-aug-13","12:33",   478,  3.4, 0.0217, 1.5782, 0.0217,  .9006, 1.00, 3.578
"30-aug-13","12:34",   893,  3.4, 0.0217, 1.5758, 0.0217,  .9002, 1.00, 3.680
"30-aug-13","12:35",   847,  3.4, 0.0217, 1.5741, 0.0217,  .9001, 1.00, 3.777
"30-aug-13","12:36",  1323,  3.4, 0.0217, 1.5723, 0.0217,  .9004, 1.00, 3.928
"30-aug-13","12:37",  1029,  3.4, 0.0217, 1.5707, 0.0217,  .9005, 1.00, 4.045
"30-aug-13","12:38",   840,  3.4, 0.0217, 1.5685, 0.0217,  .9001, 1.00, 4.142
"30-aug-13","12:39",  1211,  3.4, 0.0217, 1.5663, 0.0217,  .9001, 1.00, 4.280
"30-aug-13","12:40",  1520,  3.4, 0.0217, 1.5640, 0.0217,  .9003, 1.00, 4.454
"30-aug-13","12:41",  1034,  3.4, 0.0217, 1.5621, 0.0217,  .9003, 1.00, 4.573
"30-aug-13","12:42",  1016,  3.4, 0.0217, 1.5596, 0.0217,  .8998, 1.00, 4.689
"30-aug-13","12:43",  1219,  3.4, 0.0217, 1.5571, 0.0217,  .8996, 1.00, 4.829
"30-aug-13","12:44",  1144,  3.4, 0.0217, 1.5552, 0.0217,  .8997, 1.00, 4.960
"30-aug-13","12:45",   881,  3.4, 0.0217, 1.5535, 0.0217,  .8996, 1.00, 5.061
"30-aug-13","12:46",  1882,  3.4, 0.0217, 1.5492, 0.0217,  .8991, 1.00, 5.277
"30-aug-13","12:47",  1006,  3.4, 0.0217, 1.5468, 0.0217,  .8987, 1.00, 5.392
"30-aug-13","12:48",   536,  3.4, 0.0217, 1.5459, 0.0217,  .8987, 1.00, 5.454
"30-aug-13","12:49",   417,  3.4, 0.0217, 1.5451, 0.0217,  .8987, 1.00, 5.502
"30-aug-13","12:50",   601,  3.4, 0.0217, 1.5437, 0.0217,  .8985, 1.00, 5.571
"30-aug-13","12:51",  1365,  3.4, 0.0217, 1.5410, 0.0217,  .8983, 1.00, 5.727
"30-aug-13","12:52",  1539,  3.4, 0.0217, 1.5388, 0.0217,  .8986, 1.00, 5.904
"30-aug-13","12:53",   974,  3.4, 0.0217, 1.5369, 0.0217,  .8985, 1.00, 6.016
"30-aug-13","12:54",  1509,  3.4, 0.0217, 1.5333, 0.0217,  .8979, 1.00, 6.189
"30-aug-13","12:55",  1325,  3.4, 0.0217, 1.5304, 0.0217,  .8975, 1.00, 6.341
"30-aug-13","12:56",  1550,  3.4, 0.0217, 1.5282, 0.0217,  .8978, 1.00, 6.519
"30-aug-13","12:57",  1211,  3.4, 0.0217, 1.5262, 0.0217,  .8979, 1.00, 6.658
"30-aug-13","12:58",  1363,  3.4, 0.0217, 1.5232, 0.0217,  .8975, 1.00, 6.814
"30-aug-13","12:59",  1000,  3.4, 0.0217, 1.5210, 0.0217,  .8972, 1.00, 6.929
"30-aug-13","13:00",  1125,  3.4, 0.0217, 1.5193, 0.0217,  .8973, 1.00, 7.057
"30-aug-13","13:01",  1703,  3.4, 0.0217, 1.5163, 0.0217,  .8973, 1.00, 7.253
"30-aug-13","13:02",  2094,  3.4, 0.0217, 1.5117, 0.0217,  .8967, 1.00, 7.493
"30-aug-13","13:03",  1405,  3.4, 0.0217, 1.5089, 0.0217,  .8965, 1.00, 7.654
"30-aug-13","13:04",   920,  3.4, 0.0217, 1.5080, 0.0217,  .8968, 1.00, 7.759
"30-aug-13","13:05",  1638,  3.4, 0.0217, 1.5054, 0.0217,  .8970, 1.00, 7.947
"30-aug-13","13:06",  1212,  3.4, 0.0217, 1.5027, 0.0217,  .8966, 1.00, 8.085
"30-aug-13","13:07",  1934,  3.4, 0.0217, 1.4993, 0.0217,  .8965, 1.00, 8.307
"30-aug-13","13:08",  1750,  3.4, 0.0217, 1.4972, 0.0217,  .8970, 1.00, 8.508
"30-aug-13","13:09",  2330,  3.4, 0.0217, 1.4934, 0.0217,  .8971, 1.00, 8.775
"30-aug-13","13:10",  1414,  3.4, 0.0217, 1.4901, 0.0217,  .8966, 1.00, 8.936
"30-aug-13","13:11",  1827,  3.4, 0.0217, 1.4868, 0.0217,  .8964, 1.00, 9.146
"30-aug-13","13:12",  1863,  3.4, 0.0217, 1.4844, 0.0217,  .8968, 1.00, 9.359
"30-aug-13","13:13",  2134,  3.4, 0.0217, 1.4809, 0.0217,  .8969, 1.00, 9.603
"30-aug-13","13:14",  1792,  3.4, 0.0217, 1.4774, 0.0217,  .8966, 1.00, 9.808
"30-aug-13","13:15",  1200,  3.4, 0.0217, 1.4753, 0.0217,  .8965, 1.00, 9.945
"30-aug-13","13:16",  1164,  3.4, 0.0217, 1.4740, 0.0217,  .8969, 1.00,10.078
"30-aug-13","13:17",   834,  3.4, 0.0217, 1.4727, 0.0217,  .8970, 1.00,10.173
"30-aug-13","13:18",  1309,  3.4, 0.0217, 1.4700, 0.0217,  .8966, 1.00,10.323
"30-aug-13","13:19",   938,  3.4, 0.0217, 1.4682, 0.0217,  .8965, 1.00,10.430
"30-aug-13","13:20",  1247,  3.4, 0.0217, 1.4666, 0.0217,  .8967, 1.00,10.572
"30-aug-13","13:21",   906,  3.4, 0.0217, 1.4652, 0.0217,  .8968, 1.00,10.676
"30-aug-13","13:22",  1432,  3.4, 0.0217, 1.4625, 0.0217,  .8966, 1.00,10.840
"30-aug-13","13:23",  1280,  3.4, 0.0217, 1.4602, 0.0217,  .8965, 1.00,10.986
"30-aug-13","13:24",  1284,  3.4, 0.0217, 1.4585, 0.0217,  .8968, 1.00,11.133
"30-aug-13","13:25",  1490,  3.4, 0.0217, 1.4562, 0.0217,  .8968, 1.00,11.303
"30-aug-13","13:26",  1347,  3.4, 0.0217, 1.4536, 0.0217,  .8966, 1.00,11.457
"30-aug-13","13:27",  1496,  3.4, 0.0217, 1.4512, 0.0217,  .8966, 1.00,11.628
"30-aug-13","13:28",  1545,  3.4, 0.0217, 1.4490, 0.0217,  .8968, 1.00,11.804
"30-aug-13","13:29",  1374,  3.4, 0.0217, 1.4467, 0.0217,  .8968, 1.00,11.961
"30-aug-13","13:30",  1643,  3.4, 0.0217, 1.4434, 0.0217,  .8964, 1.00,12.149
"30-aug-13","13:31",  1400,  3.4, 0.0217, 1.4408, 0.0217,  .8962, 1.00,12.309
"30-aug-13","13:32",  1071,  3.4, 0.0217, 1.4395, 0.0217,  .8965, 1.00,12.431
"30-aug-13","13:33",  7219,  3.4, 0.0217, 1.4277, 0.0217,  .8963, 1.00,13.254
"30-aug-13","13:34",  3708,  3.4, 0.0217, 1.4212, 0.0217,  .8960, 1.00,13.676
"30-aug-13","13:35",  1080,  3.4, 0.0217, 1.4186, 0.0217,  .8954, 1.00,13.799
"30-aug-13","13:36",  1799,  3.4, 0.0217, 1.4161, 0.0217,  .8957, 1.00,14.003
"30-aug-13","13:37",  1950,  3.4, 0.0217, 1.4136, 0.0217,  .8960, 1.00,14.225
"30-aug-13","13:38",  2015,  3.4, 0.0217, 1.4100, 0.0217,  .8958, 1.00,14.454
"30-aug-13","13:39",  2216,  3.4, 0.0217, 1.4066, 0.0217,  .8958, 1.00,14.705
"30-aug-13","13:40",  1677,  3.4, 0.0217, 1.4043, 0.0217,  .8961, 1.00,14.896
"30-aug-13","13:41",  1283,  3.4, 0.0217, 1.4024, 0.0217,  .8961, 1.00,15.042
"30-aug-13","13:58",  2156,  3.4, 0.0217, 1.5952, 0.0218,  .8755, 1.00,  .249
"30-aug-13","13:59",  1972,  3.4, 0.0217, 1.5892, 0.0218,  .8742, 1.00,  .477
"30-aug-13","14:00",  1841,  3.4, 0.0217, 1.5849, 0.0218,  .8737, 1.00,  .689
"30-aug-13","14:01",   881,  3.4, 0.0217, 1.5826, 0.0218,  .8733, 1.00,  .791
"30-aug-13","14:02",  1320,  3.4, 0.0217, 1.5787, 0.0218,  .8724, 1.00,  .944
"30-aug-13","14:03",  2241,  3.4, 0.0217, 1.5738, 0.0218,  .8720, 1.00, 1.202
"30-aug-13","14:04",  1130,  3.4, 0.0217, 1.5719, 0.0218,  .8721, 1.00, 1.333
"30-aug-13","14:05",  2593,  3.4, 0.0217, 1.5671, 0.0218,  .8720, 1.00, 1.632
"30-aug-13","14:06",  2966,  3.4, 0.0217, 1.5607, 0.0218,  .8713, 1.00, 1.974
"30-aug-13","14:07",  1793,  3.4, 0.0217, 1.5571, 0.0218,  .8711, 1.00, 2.180
"30-aug-13","14:08",  1814,  3.4, 0.0217, 1.5541, 0.0218,  .8712, 1.00, 2.390
"30-aug-13","14:09",  1662,  3.4, 0.0217, 1.5512, 0.0218,  .8712, 1.00, 2.581
"30-aug-13","14:10",   915,  3.4, 0.0217, 1.5489, 0.0218,  .8708, 1.00, 2.687
"30-aug-13","14:11",  1286,  3.4, 0.0217, 1.5463, 0.0218,  .8707, 1.00, 2.835
"30-aug-13","14:12",   831,  3.4, 0.0217, 1.5451, 0.0218,  .8708, 1.00, 2.931
"30-aug-13","14:13",  1219,  3.4, 0.0217, 1.5433, 0.0218,  .8710, 1.00, 3.071
"30-aug-13","14:14",  1619,  3.4, 0.0217, 1.5398, 0.0218,  .8706, 1.00, 3.258
"30-aug-13","14:15",  1230,  3.4, 0.0217, 1.5372, 0.0218,  .8704, 1.00, 3.400
"30-aug-13","14:16",  1184,  3.4, 0.0217, 1.5357, 0.0218,  .8707, 1.00, 3.536
"30-aug-13","14:17",  1059,  3.4, 0.0217, 1.5341, 0.0218,  .8708, 1.00, 3.658
"30-aug-13","14:18",  1630,  3.4, 0.0217, 1.5306, 0.0218,  .8704, 1.00, 3.846
"30-aug-13","14:19",  2049,  3.4, 0.0217, 1.5269, 0.0218,  .8704, 1.00, 4.081
"30-aug-13","14:20",  2021,  3.4, 0.0217, 1.5239, 0.0218,  .8706, 1.00, 4.314
"30-aug-13","14:21",  1474,  3.4, 0.0217, 1.5218, 0.0218,  .8709, 1.00, 4.483
"30-aug-13","14:22",  1479,  3.4, 0.0217, 1.5190, 0.0218,  .8707, 1.00, 4.653
"30-aug-13","14:23",  1283,  3.4, 0.0217, 1.5166, 0.0218,  .8707, 1.00, 4.800
"30-aug-13","14:24",  1357,  3.4, 0.0217, 1.5147, 0.0218,  .8709, 1.00, 4.956
"30-aug-13","14:25",  1185,  3.4, 0.0217, 1.5130, 0.0218,  .8711, 1.00, 5.092
"30-aug-13","14:26",  1971,  3.4, 0.0217, 1.5090, 0.0218,  .8707, 1.00, 5.319
"30-aug-13","14:27",  1638,  3.4, 0.0217, 1.5061, 0.0218,  .8707, 1.00, 5.507
"30-aug-13","14:28",  1421,  3.4, 0.0217, 1.5042, 0.0218,  .8709, 1.00, 5.670
"30-aug-13","14:29",  1873,  3.4, 0.0217, 1.5011, 0.0218,  .8710, 1.00, 5.885
"30-aug-13","14:30",  1440,  3.4, 0.0217, 1.4981, 0.0218,  .8707, 1.00, 6.051
"30-aug-13","14:31",   641,  3.4, 0.0217, 1.4975, 0.0218,  .8710, 1.00, 6.124
"30-aug-13","14:32",   863,  3.4, 0.0217, 1.4962, 0.0218,  .8711, 1.00, 6.223
"30-aug-13","14:33",  1635,  3.4, 0.0217, 1.4936, 0.0218,  .8712, 1.00, 6.411
"30-aug-13","14:34",  1743,  3.4, 0.0217, 1.4900, 0.0218,  .8708, 1.00, 6.611
"30-aug-13","14:35",  2930,  3.4, 0.0217, 1.4849, 0.0218,  .8707, 1.00, 6.948
"30-aug-13","14:36",  1282,  3.4, 0.0217, 1.4832, 0.0218,  .8709, 1.00, 7.095
"30-aug-13","14:37",  1266,  3.4, 0.0217, 1.4813, 0.0218,  .8711, 1.00, 7.240
"30-aug-13","14:38",  1455,  3.4, 0.0217, 1.4784, 0.0218,  .8708, 1.00, 7.407
"30-aug-13","14:39",  3470,  3.4, 0.0217, 1.4732, 0.0218,  .8711, 1.00, 7.806
"30-aug-13","14:40",  4678,  3.4, 0.0217, 1.4656, 0.0218,  .8712, 1.00, 8.342
"30-aug-13","14:41",  1481,  3.4, 0.0217, 1.4633, 0.0218,  .8713, 1.00, 8.512
"30-aug-13","14:42",  1351,  3.4, 0.0217, 1.4605, 0.0218,  .8710, 1.00, 8.667
"30-aug-13","14:43",   768,  3.4, 0.0217, 1.4594, 0.0218,  .8711, 1.00, 8.755
"30-aug-13","14:44",  2047,  3.4, 0.0217, 1.4567, 0.0218,  .8715, 1.00, 8.989
"30-aug-13","14:45",  1757,  3.4, 0.0217, 1.4541, 0.0218,  .8716, 1.00, 9.189
"30-aug-13","14:46",  1373,  3.4, 0.0217, 1.4513, 0.0218,  .8713, 1.00, 9.346
"30-aug-13","14:47",  1035,  3.4, 0.0217, 1.4502, 0.0218,  .8717, 1.00, 9.464
"30-aug-13","14:48",  1346,  3.4, 0.0217, 1.4482, 0.0218,  .8718, 1.00, 9.617
"30-aug-13","14:49",  1420,  3.4, 0.0217, 1.4460, 0.0218,  .8719, 1.00, 9.779
"30-aug-13","14:50",  1116,  3.4, 0.0217, 1.4436, 0.0218,  .8715, 1.00, 9.906
"30-aug-13","14:51",  1517,  3.4, 0.0217, 1.4417, 0.0218,  .8718, 1.00,10.079
"30-aug-13","14:52",  1781,  3.4, 0.0217, 1.4392, 0.0218,  .8720, 1.00,10.283
"30-aug-13","14:53",  1392,  3.4, 0.0217, 1.4370, 0.0218,  .8721, 1.00,10.442
"30-aug-13","14:54",  3332,  3.4, 0.0217, 1.4310, 0.0218,  .8717, 1.00,10.822
"30-aug-13","14:55",  3285,  3.4, 0.0217, 1.4254, 0.0218,  .8715, 1.00,11.197
"30-aug-13","14:56",  1213,  3.4, 0.0217, 1.4237, 0.0218,  .8717, 1.00,11.336
"30-aug-13","14:57",   687,  3.4, 0.0217, 1.4228, 0.0218,  .8718, 1.00,11.414
"30-aug-13","14:58",   840,  3.4, 0.0217, 1.4208, 0.0218,  .8714, 1.00,11.510
"30-aug-13","14:59",   961,  3.4, 0.0217, 1.4196, 0.0218,  .8716, 1.00,11.620
"30-aug-13","15:00",  1141,  3.4, 0.0217, 1.4180, 0.0218,  .8717, 1.00,11.751
"30-aug-13","15:01",  1233,  3.4, 0.0217, 1.4160, 0.0218,  .8717, 1.00,11.892
"30-aug-13","15:02",  1520,  3.4, 0.0217, 1.4130, 0.0218,  .8714, 1.00,12.065
"30-aug-13","15:03",   474,  3.4, 0.0217, 1.4125, 0.0218,  .8715, 1.00,12.120
"30-aug-13","15:04",   790,  3.4, 0.0217, 1.4114, 0.0218,  .8716, 1.00,12.210
"30-aug-13","15:05",  1705,  3.4, 0.0217, 1.4082, 0.0218,  .8713, 1.00,12.405
"30-aug-13","15:06",   905,  3.4, 0.0217, 1.4066, 0.0218,  .8712, 1.00,12.509
"30-aug-13","15:07",   493,  3.4, 0.0217, 1.4063, 0.0218,  .8715, 1.00,12.565
"30-aug-13","15:08",   344,  3.4, 0.0217, 1.4058, 0.0218,  .8715, 1.00,12.604
"30-aug-13","15:09",  1522,  3.4, 0.0217, 1.4035, 0.0218,  .8716, 1.00,12.778
"30-aug-13","15:10",   725,  3.4, 0.0217, 1.4016, 0.0218,  .8711, 1.00,12.861
"30-aug-13","15:11",  1025,  3.4, 0.0217, 1.4004, 0.0218,  .8713, 1.00,12.979
"30-aug-13","15:12",  1252,  3.4, 0.0217, 1.3985, 0.0218,  .8714, 1.00,13.122
"30-aug-13","15:13",   393,  3.4, 0.0217, 1.3972, 0.0218,  .8710, 1.00,13.167
"30-aug-13","15:14",  1869,  3.5, 0.0217, 1.3939, 0.0218,  .8708, 1.00,13.384
"30-aug-13","15:15",   378,  3.4, 0.0217, 1.3938, 0.0218,  .8711, 1.00,13.428
"30-aug-13","15:16",   860,  3.4, 0.0217, 1.3925, 0.0218,  .8711, 1.00,13.526
"30-aug-13","15:17",   552,  3.4, 0.0217, 1.3915, 0.0218,  .8711, 1.00,13.589
"30-aug-13","15:18",   438,  3.4, 0.0217, 1.3903, 0.0218,  .8707, 1.00,13.639
"30-aug-13","15:19",   789,  3.4, 0.0217, 1.3895, 0.0218,  .8710, 1.00,13.730
"30-aug-13","15:20",  1222,  3.4, 0.0217, 1.3877, 0.0218,  .8711, 1.00,13.869
"30-aug-13","15:21",  1009,  3.4, 0.0217, 1.3859, 0.0218,  .8710, 1.00,13.985
"30-aug-13","15:22",  2180,  3.4, 0.0217, 1.3817, 0.0218,  .8704, 1.00,14.234
"30-aug-13","15:23",   546,  3.4, 0.0217, 1.3815, 0.0218,  .8708, 1.00,14.297
"30-aug-13","15:24",   785,  3.4, 0.0217, 1.3806, 0.0218,  .8710, 1.00,14.387
"30-aug-13","15:25",   769,  3.4, 0.0217, 1.3788, 0.0218,  .8707, 1.00,14.475
"30-aug-13","15:26",   525,  3.4, 0.0217, 1.3781, 0.0218,  .8707, 1.00,14.535
"30-aug-13","15:27",   730,  3.4, 0.0217, 1.3775, 0.0218,  .8711, 1.00,14.618
"30-aug-13","15:28",   275,  3.4, 0.0217, 1.3774, 0.0218,  .8713, 1.00,14.650
"30-aug-13","15:29",  1182,  3.4, 0.0217, 1.3756, 0.0218,  .8713, 1.00,14.785
"30-aug-13","15:30",  1496,  3.4, 0.0217, 1.3727, 0.0218,  .8709, 1.00,14.956
"30-aug-13","15:31",  1292,  3.4, 0.0217, 1.3710, 0.0218,  .8711, 1.00,15.103
"30-aug-13","15:32",  1196,  3.4, 0.0217, 1.3694, 0.0218,  .8713, 1.00,15.240
"30-aug-13","15:33",  1537,  3.4, 0.0217, 1.3665, 0.0218,  .8709, 1.00,15.415
"30-aug-13","15:34",  1109,  3.4, 0.0217, 1.3648, 0.0218,  .8709, 1.00,15.541
"30-aug-13","15:35",   879,  3.4, 0.0217, 1.3640, 0.0218,  .8712, 1.00,15.641
"30-aug-13","15:36",   810,  3.4, 0.0217, 1.3630, 0.0218,  .8714, 1.00,15.734
"30-aug-13","15:37",   986,  3.4, 0.0217, 1.3611, 0.0218,  .8711, 1.00,15.846
"30-aug-13","15:38",  1093,  3.4, 0.0217, 1.3592, 0.0218,  .8710, 1.00,15.971
"30-aug-13","15:39",   506,  3.4, 0.0217, 1.3591, 0.0218,  .8714, 1.00,16.028
"30-aug-13","15:40",  1260,  3.4, 0.0217, 1.3574, 0.0218,  .8716, 1.00,16.172
"30-aug-13","15:41",  1371,  3.4, 0.0217, 1.3548, 0.0218,  .8713, 1.00,16.328
"30-aug-13","15:42",  1254,  3.4, 0.0217, 1.3530, 0.0218,  .8713, 1.00,16.470
"30-aug-13","15:43",   695,  3.4, 0.0217, 1.3525, 0.0218,  .8717, 1.00,16.550
"30-aug-13","15:44",   821,  3.4, 0.0217, 1.3515, 0.0218,  .8718, 1.00,16.643
"30-aug-13","15:45",   894,  3.4, 0.0217, 1.3498, 0.0218,  .8716, 1.00,16.745
"30-aug-13","15:46",   646,  3.4, 0.0217, 1.3488, 0.0218,  .8716, 1.00,16.818
"30-aug-13","15:47",  1026,  3.4, 0.0217, 1.3478, 0.0218,  .8719, 1.00,16.935
"30-aug-13","15:48",  1067,  3.4, 0.0217, 1.3465, 0.0218,  .8721, 1.00,17.056
"30-aug-13","15:49",  1774,  3.4, 0.0217, 1.3435, 0.0218,  .8719, 1.00,17.258
"30-aug-13","16:42",  1536,  3.3, 0.0215, 1.5745, 0.0216,  .8625, 1.00,  .171
"30-aug-13","16:43",   820,  3.3, 0.0215, 1.5718, 0.0216,  .8619, 1.00,  .262
"30-aug-13","16:44",   842,  3.3, 0.0215, 1.5695, 0.0216,  .8614, 1.00,  .356
"30-aug-13","16:45",   785,  3.3, 0.0215, 1.5679, 0.0216,  .8612, 1.00,  .443
"30-aug-13","16:46",   780,  3.3, 0.0215, 1.5672, 0.0216,  .8616, 1.00,  .530
"30-aug-13","16:47",   999,  3.3, 0.0215, 1.5657, 0.0216,  .8617, 1.00,  .640
"30-aug-13","16:48",  1498,  3.3, 0.0215, 1.5626, 0.0216,  .8614, 1.00,  .807
"30-aug-13","16:49",  1290,  3.3, 0.0215, 1.5606, 0.0216,  .8615, 1.00,  .949
"30-aug-13","16:50",  1372,  3.3, 0.0215, 1.5591, 0.0216,  .8620, 1.00, 1.102
"30-aug-13","16:51",  1305,  3.3, 0.0215, 1.5575, 0.0216,  .8623, 1.00, 1.246
