"time","mg_m3"
"1377485280","0.114"
"1377485340","0.114"
"1377485460","0.129"
"1377485520","0.099"
"1377485580","0.099"
"1377485640","0.11"
"1377485700","0.11"
"1377485760","0.115"
"1377485820","0.115"
"1377485880","0.131"
"1377485940","0.131"
"1377486000","0.146"
"1377486060","0.146"
"1377486120","0.13"
"1377486180","0.13"
"1377486240","0.116"
"1377486300","0.116"
"1377486360","0.124"
"1377486420","0.124"
"1377486480","0.118"
"1377486540","0.118"
"1377486600","0.119"
"1377486660","0.119"
"1377486720","0.126"
"1377486780","0.126"
"1377486840","0.124"
"1377486900","0.124"
"1377486960","0.123"
"1377487020","0.123"
"1377487080","0.108"
"1377487140","0.108"
"1377487200","0.094"
"1377487260","0.094"
"1377487320","0.097"
"1377487380","0.097"
"1377487440","0.146"
"1377487500","0.146"
"1377487560","0.095"
"1377487620","0.095"
"1377487680","0.105"
"1377487740","0.105"
"1377487800","0.102"
"1377487860","0.102"
"1377487920","0.092"
"1377487980","0.092"
"1377488040","0.06"
"1377488100","0.06"
"1377488160","0.061"
"1377488220","0.061"
"1377488280","0.076"
"1377488340","0.076"
"1377488400","0.061"
"1377488460","0.061"
"1377488520","0.08"
"1377488580","0.08"
"1377488640","0.094"
"1377488700","0.094"
"1377488760","0.106"
"1377488820","0.106"
"1377488880","0.076"
"1377488940","0.076"
"1377489000","0.072"
"1377489060","0.072"
"1377489120","0.09"
"1377489180","0.09"
"1377489240","0.078"
"1377489300","0.078"
"1377489360","0.077"
"1377489420","0.077"
"1377489480","0.044"
"1377489540","0.044"
"1377489600","0.076"
"1377489660","0.076"
"1377489720","0.061"
"1377489780","0.061"
"1377489840","0.055"
"1377489900","0.055"
"1377489960","0.084"
"1377490020","0.084"
"1377490080","0.141"
"1377490140","0.141"
"1377490200","0.069"
"1377490260","0.069"
"1377490320","0.083"
"1377490380","0.083"
"1377490440","0.214"
"1377490500","0.214"
"1377490560","0.082"
"1377490620","0.082"
"1377490680","0.133"
"1377490740","0.133"
"1377490800","0.036"
"1377490860","0.036"
"1377490920","0.024"
"1377490980","0.024"
"1377491040","0.023"
"1377491100","0.023"
"1377491160","0.015"
"1377491220","0.015"
"1377491280","0.008"
"1377491340","0.008"
"1377491400","0.011"
"1377491460","0.011"
"1377491520","0.005"
"1377491580","0.005"
"1377491640","0.013"
"1377491700","0.013"
"1377491760","0.008"
"1377491820","0.008"
"1377491880","0.007"
"1377491940","0.007"
"1377492000","0.008"
"1377492060","0.008"
"1377492120","0.014"
"1377492180","0.014"
"1377492240","0.02"
"1377492300","0.02"
"1377492360","0.026"
"1377492420","0.026"
"1377492480","0.009"
"1377492540","0.009"
"1377492600","0.004"
"1377492660","0.004"
"1377492720","0.005"
"1377492780","0.005"
"1377492840","0.009"
"1377492900","0.009"
"1377492960","0.02"
"1377493020","0.02"
"1377493080","0.015"
"1377493140","0.015"
"1377493200","0.01"
"1377493260","0.01"
"1377493320","0.011"
"1377493380","0.011"
"1377493440","0.013"
"1377493500","0.013"
"1377493560","0.01"
"1377493620","0.01"
"1377493680","0.01"
"1377493740","0.01"
"1377493800","0.016"
"1377493860","0.016"
"1377493920","0.013"
"1377493980","0.013"
"1377494040","0.012"
"1377494100","0.012"
"1377494160","0.008"
"1377494220","0.008"
"1377494280","0.004"
"1377494340","0.004"
"1377494400","0.008"
"1377494460","0.008"
"1377494520","0.009"
"1377494580","0.009"
"1377494640","0.011"
"1377494700","0.011"
"1377494760","0.018"
"1377494820","0.018"
"1377494880","0.014"
"1377494940","0.014"
"1377495000","0.009"
"1377495060","0.009"
"1377495120","0.004"
"1377495180","0.004"
"1377495240","0.004"
"1377495300","0.004"
"1377495360","0.015"
"1377495420","0.015"
"1377495480","0.018"
"1377495540","0.018"
"1377495600","0.031"
"1377495660","0.031"
"1377495720","0.016"
"1377495780","0.016"
"1377495840","0.012"
"1377495900","0.012"
"1377495960","0.011"
"1377496020","0.011"
"1377496080","0.007"
"1377496140","0.007"
"1377496200","0.011"
"1377496260","0.011"
"1377496320","0.018"
"1377496380","0.018"
"1377496440","0.025"
"1377496500","0.025"
"1377496560","0.021"
"1377496620","0.021"
"1377496680","0.011"
"1377496740","0.011"
"1377496800","0.011"
"1377496860","0.011"
"1377496920","0.012"
"1377496980","0.012"
"1377497040","0.01"
"1377497100","0.01"
"1377497160","0.004"
"1377497220","0.004"
"1377497280","0.006"
"1377497340","0.006"
"1377497400","0.006"
"1377497460","0.006"
"1377497520","0.006"
"1377497580","0.006"
"1377497640","0.007"
"1377497700","0.007"
"1377497760","0.015"
"1377497820","0.015"
"1377497880","0.005"
"1377497940","0.005"
"1377498000","0.007"
"1377498060","0.007"
"1377498120","0.011"
"1377498180","0.011"
"1377498240","0.007"
"1377498300","0.007"
"1377498360","0.003"
"1377498420","0.003"
"1377498480","0.006"
"1377498540","0.006"
"1377498600","0.006"
"1377498660","0.006"
"1377498720","0.007"
"1377498780","0.007"
"1377498840","0.007"
"1377498900","0.007"
"1377498960","0.009"
"1377499020","0.009"
"1377499080","0.002"
"1377499140","0.002"
"1377499200","0.006"
"1377499260","0.006"
"1377499320","0.006"
"1377499380","0.006"
"1377499440","0.006"
"1377499500","0.006"
"1377499560","0.004"
"1377499620","0.004"
"1377499680","0.003"
"1377499740","0.003"
"1377499800","0.002"
"1377499860","0.002"
"1377525720","0.029"
"1377525780","0.029"
"1377525840","0.025"
"1377525900","0.025"
"1377525960","0.022"
"1377526020","0.022"
"1377526080","0.024"
"1377526140","0.024"
"1377526200","0.022"
"1377526260","0.022"
"1377526320","0.019"
"1377526380","0.019"
"1377526440","0.017"
"1377526500","0.017"
"1377526560","0.023"
"1377526620","0.023"
"1377526680","0.031"
"1377526740","0.031"
"1377526800","0.02"
"1377526860","0.02"
"1377526920","0.021"
"1377526980","0.021"
"1377527040","0.025"
"1377527100","0.025"
"1377527160","0.027"
"1377527220","0.027"
"1377527280","0.029"
"1377527340","0.029"
"1377527400","0.027"
"1377527460","0.027"
"1377527520","0.023"
"1377527580","0.023"
"1377527640","0.02"
"1377527700","0.02"
"1377527760","0.023"
"1377527820","0.023"
"1377527880","0.022"
"1377527940","0.022"
"1377528000","0.018"
"1377528060","0.018"
"1377528120","0.023"
"1377528180","0.023"
"1377528240","0.023"
"1377528300","0.023"
"1377528360","0.017"
"1377528420","0.017"
"1377528480","0.017"
"1377528540","0.017"
"1377528600","0.018"
"1377528660","0.018"
"1377528720","0.018"
"1377528780","0.018"
"1377528840","0.017"
"1377528900","0.017"
"1377528960","0.019"
"1377529020","0.019"
"1377529080","0.018"
"1377529140","0.018"
"1377529200","0.018"
"1377529260","0.018"
"1377529320","0.019"
"1377529380","0.019"
"1377529440","0.021"
"1377529500","0.021"
"1377529560","0.023"
"1377529620","0.023"
"1377529680","0.025"
"1377529740","0.025"
"1377529800","0.031"
"1377529860","0.031"
"1377529920","0.028"
"1377529980","0.028"
"1377530040","0.022"
"1377530100","0.022"
"1377530160","0.022"
"1377530220","0.022"
"1377530280","0.024"
"1377530340","0.024"
"1377530400","0.024"
"1377530460","0.024"
"1377530520","0.02"
"1377530580","0.02"
"1377530640","0.035"
"1377530700","0.035"
"1377530760","0.04"
"1377530820","0.04"
"1377530880","0.036"
"1377530940","0.036"
"1377531000","0.03"
"1377531060","0.03"
"1377531120","0.025"
"1377531180","0.025"
"1377531240","0.025"
"1377531300","0.025"
"1377531360","0.024"
"1377531420","0.024"
"1377531480","0.021"
"1377531540","0.021"
"1377531600","0.021"
"1377531660","0.021"
"1377531720","0.027"
"1377531780","0.027"
"1377531840","0.031"
"1377531900","0.031"
"1377531960","0.024"
"1377532020","0.024"
"1377532080","0.021"
"1377532140","0.021"
"1377532200","0.024"
"1377532260","0.024"
"1377532320","0.031"
"1377532380","0.031"
"1377532440","0.028"
"1377532500","0.028"
"1377532560","0.031"
"1377532620","0.031"
"1377532680","0.028"
"1377532740","0.028"
"1377532800","0.041"
"1377532860","0.041"
"1377532920","0.103"
"1377532980","0.103"
"1377533040","0.05"
"1377533100","0.05"
"1377533160","0.052"
"1377533220","0.052"
"1377533280","0.05"
"1377533340","0.05"
"1377533400","0.05"
"1377533460","0.05"
"1377533520","0.043"
"1377533580","0.043"
"1377533640","0.044"
"1377533700","0.044"
"1377533760","0.04"
"1377533820","0.04"
"1377533880","0.04"
"1377533940","0.04"
"1377534000","0.038"
"1377534060","0.038"
"1377534120","0.035"
"1377534180","0.035"
"1377534240","0.036"
"1377534300","0.036"
"1377534360","0.036"
"1377534420","0.036"
"1377534480","0.043"
"1377534540","0.043"
"1377534600","0.042"
"1377534660","0.042"
"1377534720","0.041"
"1377534780","0.041"
"1377534840","0.04"
"1377534900","0.04"
"1377534960","0.038"
"1377535020","0.038"
"1377535080","0.065"
"1377535140","0.065"
"1377535200","0.037"
"1377535260","0.037"
"1377535320","0.038"
"1377535380","0.038"
"1377535440","0.037"
"1377535500","0.037"
"1377535560","0.044"
"1377535620","0.044"
"1377535680","0.046"
"1377535740","0.046"
"1377535800","0.038"
"1377535860","0.038"
"1377535920","0.038"
"1377535980","0.038"
"1377536040","0.034"
"1377536100","0.034"
"1377536160","0.044"
"1377536220","0.044"
"1377536280","0.037"
"1377536340","0.037"
"1377536400","0.04"
"1377536460","0.04"
"1377536520","0.034"
"1377536580","0.034"
"1377536640","0.037"
"1377536700","0.037"
"1377536760","0.029"
"1377536820","0.029"
"1377536880","0.026"
"1377536940","0.026"
"1377537000","0.027"
"1377537060","0.027"
"1377537120","0.025"
"1377537180","0.025"
"1377537240","0.028"
"1377537300","0.028"
"1377537360","0.025"
"1377537420","0.025"
"1377537480","0.025"
"1377537540","0.025"
"1377537600","0.026"
"1377537660","0.026"
"1377537720","0.02"
"1377537780","0.02"
"1377537840","0.021"
"1377537900","0.021"
"1377537960","0.02"
"1377538020","0.02"
"1377538080","0.021"
"1377538140","0.021"
"1377538200","0.021"
"1377538260","0.021"
"1377538320","0.018"
"1377538380","0.018"
"1377538440","0.018"
"1377538500","0.018"
"1377538560","0.016"
"1377538620","0.016"
"1377538680","0.016"
"1377538740","0.016"
"1377538800","0.02"
"1377538860","0.02"
"1377538920","0.018"
"1377538980","0.018"
"1377539040","0.019"
"1377539100","0.019"
"1377539160","0.018"
"1377539220","0.018"
"1377539640","0.024"
"1377539700","0.024"
"1377539760","0.024"
"1377539820","0.024"
"1377539880","0.028"
"1377539940","0.028"
"1377540000","0.032"
"1377540060","0.032"
"1377540120","0.031"
"1377540180","0.031"
"1377540240","0.039"
"1377540300","0.039"
"1377540360","0.036"
"1377540420","0.036"
"1377540480","0.039"
"1377540540","0.039"
"1377540600","0.036"
"1377540660","0.036"
"1377540720","0.041"
"1377540780","0.041"
"1377540840","0.04"
"1377540900","0.04"
"1377540960","0.041"
"1377541020","0.041"
"1377541080","0.044"
"1377541140","0.044"
"1377541200","0.049"
"1377541260","0.049"
"1377541320","0.047"
"1377541380","0.047"
"1377541440","0.049"
"1377541500","0.049"
"1377541560","0.064"
"1377541620","0.064"
"1377541680","0.067"
"1377541740","0.067"
"1377541800","0.073"
"1377541860","0.073"
"1377541920","0.087"
"1377541980","0.087"
"1377542040","0.088"
"1377542100","0.088"
"1377542160","0.101"
"1377542220","0.101"
"1377542280","0.109"
"1377542340","0.109"
"1377542400","0.115"
"1377542460","0.115"
"1377542520","0.122"
"1377542580","0.122"
"1377542640","0.127"
"1377542700","0.127"
"1377542760","0.142"
"1377542820","0.142"
"1377542880","0.143"
"1377542940","0.143"
"1377543000","0.143"
"1377543060","0.143"
"1377543120","0.157"
"1377543180","0.157"
"1377543240","0.168"
"1377543300","0.168"
"1377543360","0.162"
"1377543420","0.162"
"1377543480","0.163"
"1377543540","0.163"
"1377543600","0.178"
"1377543660","0.178"
"1377543720","0.165"
"1377543780","0.165"
"1377543840","0.187"
"1377543900","0.187"
"1377543960","0.195"
"1377544020","0.195"
"1377544080","0.18"
"1377544140","0.18"
"1377544200","0.183"
"1377544260","0.183"
"1377544320","0.191"
"1377544380","0.191"
"1377544440","0.216"
"1377544500","0.216"
"1377544560","0.184"
"1377544620","0.184"
"1377544680","0.181"
"1377544740","0.181"
"1377544800","0.175"
"1377544860","0.175"
"1377544920","0.177"
"1377544980","0.177"
"1377545040","0.183"
"1377545100","0.183"
"1377545160","0.185"
"1377545220","0.185"
"1377545280","0.184"
"1377545340","0.184"
"1377545400","0.189"
"1377545460","0.189"
"1377545520","0.225"
"1377545580","0.225"
"1377547920","0.245"
"1377547980","0.245"
"1377548040","0.2"
"1377548100","0.2"
"1377548160","0.163"
"1377548220","0.163"
"1377548280","0.164"
"1377548340","0.164"
"1377548400","0.154"
"1377548460","0.154"
"1377548520","0.154"
"1377548580","0.154"
"1377548640","0.547"
"1377548700","0.547"
"1377548760","1.52"
"1377548820","1.52"
"1377548880","0.806"
"1377548940","0.806"
"1377549000","0.22"
"1377549060","0.22"
"1377549120","0.181"
"1377549180","0.181"
"1377549240","0.282"
"1377549300","0.282"
"1377549360","0.392"
"1377549420","0.392"
"1377549480","0.194"
"1377549540","0.194"
"1377549600","0.162"
"1377549660","0.162"
"1377549720","0.246"
"1377549780","0.246"
"1377549960","0.17"
"1377550020","0.17"
"1377550080","0.209"
"1377550140","0.209"
"1377550200","0.174"
"1377550260","0.174"
"1377550320","0.145"
"1377550380","0.145"
"1377550440","0.15"
"1377550500","0.15"
"1377550560","0.154"
"1377550620","0.154"
"1377550680","0.148"
"1377550740","0.148"
"1377550800","0.157"
"1377550860","0.157"
"1377550920","0.159"
"1377550980","0.159"
"1377551040","0.133"
"1377551100","0.133"
"1377551160","0.131"
"1377551220","0.131"
"1377551280","0.146"
"1377551340","0.146"
"1377551400","0.135"
"1377551460","0.135"
"1377551520","0.153"
"1377551580","0.153"
"1377551640","0.179"
"1377551700","0.179"
"1377551760","0.191"
"1377551820","0.191"
"1377551880","0.174"
"1377551940","0.174"
"1377552000","0.173"
"1377552060","0.173"
"1377552120","0.173"
"1377552180","0.173"
"1377552240","0.196"
"1377552300","0.196"
"1377552360","0.172"
"1377552420","0.172"
"1377552480","0.191"
"1377552540","0.191"
"1377552600","0.168"
"1377552660","0.168"
"1377552720","0.177"
"1377552780","0.177"
"1377552840","0.166"
"1377552900","0.166"
"1377552960","0.159"
"1377553020","0.159"
"1377553080","0.158"
"1377553140","0.158"
"1377553200","0.171"
"1377553260","0.171"
"1377553320","0.197"
"1377553380","0.197"
"1377553440","0.209"
"1377553500","0.209"
"1377553560","0.206"
"1377553620","0.206"
"1377553680","0.199"
"1377553740","0.199"
"1377553800","0.203"
"1377553860","0.203"
"1377553920","0.189"
"1377553980","0.189"
"1377554040","0.198"
"1377554100","0.198"
"1377554160","0.194"
"1377554220","0.194"
"1377554280","0.169"
"1377554340","0.169"
"1377554400","0.171"
"1377554460","0.171"
"1377554520","0.168"
"1377554580","0.168"
"1377554640","0.176"
"1377554700","0.176"
"1377554760","0.157"
"1377554820","0.157"
"1377554880","0.129"
"1377554940","0.129"
"1377555000","0.154"
"1377555060","0.154"
"1377555120","0.161"
"1377555180","0.161"
"1377555240","0.178"
"1377555300","0.178"
"1377555360","0.172"
"1377555420","0.172"
"1377555480","0.157"
"1377555540","0.157"
"1377555600","0.168"
"1377555660","0.168"
"1377555720","0.212"
"1377555780","0.212"
"1377555840","0.183"
"1377555900","0.183"
"1377555960","0.117"
"1377556020","0.117"
"1377556080","0.106"
"1377556140","0.106"
"1377556200","0.133"
"1377556260","0.133"
"1377556320","0.202"
"1377556380","0.202"
"1377556440","0.122"
"1377556500","0.122"
"1377556560","0.112"
"1377556620","0.112"
"1377556680","0.129"
"1377556740","0.129"
"1377556800","0.391"
"1377556860","0.391"
"1377556920","0.205"
"1377556980","0.205"
"1377557040","0.306"
"1377557100","0.306"
"1377557160","0.332"
"1377557220","0.332"
"1377557280","0.153"
"1377557340","0.153"
"1377557400","0.133"
"1377557460","0.133"
"1377557520","0.124"
"1377557580","0.124"
"1377557640","0.12"
"1377557700","0.12"
"1377557760","0.174"
"1377557820","0.174"
"1377557880","0.156"
"1377557940","0.156"
"1377558000","0.227"
"1377558060","0.227"
"1377558120","0.144"
"1377558180","0.144"
"1377558240","0.142"
"1377558300","0.142"
"1377558360","0.138"
"1377558420","0.138"
"1377558480","0.126"
"1377558540","0.126"
"1377558600","0.141"
"1377558660","0.141"
"1377558720","0.194"
"1377558780","0.194"
"1377564780","0.243"
"1377564840","0.173"
"1377564900","0.173"
"1377564960","0.124"
"1377565020","0.124"
"1377565080","0.587"
"1377565140","0.587"
"1377565200","0.439"
"1377565260","0.439"
"1377565320","0.155"
"1377565380","0.155"
"1377565440","0.189"
"1377565500","0.189"
"1377565560","0.305"
"1377565620","0.305"
"1377565680","0.311"
"1377565740","0.311"
"1377565800","0.316"
"1377565860","0.316"
"1377565920","0.31"
"1377565980","0.31"
"1377566040","0.157"
"1377566100","0.157"
"1377566160","0.082"
"1377566220","0.082"
"1377566280","0.081"
"1377566340","0.081"
"1377566400","0.082"
"1377566460","0.082"
"1377566520","0.089"
"1377566580","0.089"
"1377566640","0.097"
"1377566700","0.097"
"1377566760","0.081"
"1377566820","0.081"
"1377566880","0.101"
"1377566940","0.101"
"1377567000","0.118"
"1377567060","0.118"
"1377567120","0.127"
"1377567180","0.127"
"1377567240","0.141"
"1377567300","0.141"
"1377567360","0.088"
"1377567420","0.088"
"1377567480","0.136"
"1377567540","0.136"
"1377567600","0.127"
"1377567660","0.127"
"1377567720","0.112"
"1377567780","0.112"
"1377567840","0.089"
"1377567900","0.089"
"1377567960","0.098"
"1377568020","0.098"
"1377568080","0.077"
"1377568140","0.077"
"1377568200","0.083"
"1377568260","0.083"
"1377568320","0.08"
"1377568380","0.08"
"1377568440","0.076"
"1377568500","0.076"
"1377568560","0.068"
"1377568620","0.068"
"1377568680","0.08"
"1377568740","0.08"
"1377568800","0.113"
"1377568860","0.113"
"1377568920","0.135"
"1377568980","0.135"
"1377569040","0.131"
"1377569100","0.131"
"1377569160","0.087"
"1377569220","0.087"
"1377569280","0.082"
"1377569340","0.082"
"1377569400","0.091"
"1377569460","0.091"
"1377569520","0.071"
"1377569580","0.071"
"1377569640","0.08"
"1377569700","0.08"
"1377569760","0.103"
"1377569820","0.103"
"1377569880","0.087"
"1377569940","0.087"
"1377570000","0.133"
"1377570060","0.133"
"1377570120","0.083"
"1377570180","0.083"
"1377570240","0.092"
"1377570300","0.092"
"1377570360","0.119"
"1377570420","0.119"
"1377570480","0.101"
"1377570540","0.101"
"1377570600","0.08"
"1377570660","0.08"
"1377570720","0.081"
"1377570780","0.081"
"1377570840","0.094"
"1377570900","0.094"
"1377570960","0.086"
"1377571020","0.086"
"1377571080","0.083"
"1377571140","0.083"
"1377571200","0.098"
"1377571260","0.098"
"1377571320","0.102"
"1377571380","0.102"
"1377571440","0.108"
"1377571500","0.108"
"1377571560","0.113"
"1377571620","0.113"
"1377571680","0.174"
"1377571740","0.174"
"1377571800","0.214"
"1377571860","0.214"
"1377571920","0.133"
"1377571980","0.133"
"1377572040","0.116"
"1377572100","0.116"
"1377572160","0.164"
"1377572220","0.164"
"1377572280","0.131"
"1377572340","0.131"
"1377572400","0.099"
"1377572460","0.099"
"1377572520","0.091"
"1377572580","0.091"
"1377572640","0.084"
"1377572700","0.084"
"1377572760","0.084"
"1377572820","0.084"
"1377572880","0.121"
"1377572940","0.121"
"1377573000","0.123"
"1377573060","0.123"
"1377573120","0.083"
"1377573180","0.083"
"1377573240","0.072"
"1377573300","0.072"
"1377573360","0.075"
"1377573420","0.075"
"1377573480","0.075"
"1377573540","0.075"
"1377573600","0.086"
"1377573660","0.086"
"1377573720","0.098"
"1377573780","0.098"
"1377573840","0.099"
"1377573900","0.099"
"1377573960","0.108"
"1377574020","0.108"
"1377574080","0.102"
"1377574140","0.102"
"1377574200","0.129"
"1377574260","0.129"
"1377574320","0.128"
"1377574380","0.128"
"1377574440","0.124"
"1377574500","0.124"
"1377574560","0.117"
"1377574620","0.117"
"1377574680","0.117"
"1377574740","0.117"
"1377574800","0.146"
"1377574860","0.146"
"1377574920","0.132"
"1377574980","0.132"
"1377575040","0.13"
"1377575100","0.13"
"1377575160","0.119"
"1377575220","0.119"
"1377575280","0.105"
"1377575340","0.105"
"1377575400","0.105"
"1377575460","0.105"
"1377575520","0.115"
"1377575580","0.115"
"1377575640","0.108"
"1377575700","0.108"
"1377575760","0.149"
"1377575820","0.149"
"1377575880","0.148"
"1377575940","0.148"
"1377576000","0.137"
"1377576060","0.137"
"1377576120","0.095"
"1377576180","0.095"
"1377576240","0.066"
"1377576300","0.066"
"1377576360","0.06"
"1377576420","0.06"
"1377576480","0.056"
"1377576540","0.056"
"1377576600","0.064"
"1377576660","0.064"
"1377576720","0.065"
"1377576780","0.065"
"1377576840","0.047"
"1377576900","0.047"
"1377576960","0.085"
"1377577020","0.085"
"1377577080","0.042"
"1377577140","0.042"
"1377577200","0.04"
"1377577260","0.04"
"1377577320","0.037"
"1377577380","0.037"
"1377577440","0.033"
"1377577500","0.033"
"1377577560","0.037"
"1377577620","0.037"
"1377577680","0.031"
"1377577740","0.031"
"1377577800","0.03"
"1377577860","0.03"
"1377577920","0.023"
"1377577980","0.023"
"1377578040","0.026"
"1377578100","0.026"
"1377578160","0.027"
"1377578220","0.027"
"1377578280","0.033"
"1377578340","0.033"
"1377578400","0.031"
"1377578460","0.031"
"1377578520","0.031"
"1377578580","0.031"
"1377578640","0.036"
"1377578700","0.036"
"1377578760","0.029"
"1377578820","0.029"
"1377578880","0.026"
"1377578940","0.026"
"1377579000","0.026"
"1377579060","0.026"
"1377579120","0.035"
"1377579180","0.035"
"1377579240","0.024"
"1377579300","0.024"
"1377579360","0.024"
"1377579420","0.024"
"1377579480","0.026"
"1377579540","0.026"
"1377579600","0.033"
"1377579660","0.033"
"1377579720","0.057"
"1377579780","0.057"
"1377579840","0.08"
"1377579900","0.08"
"1377579960","0.074"
"1377580020","0.074"
"1377580080","0.057"
"1377580140","0.057"
"1377580200","0.056"
"1377580260","0.056"
"1377580320","0.043"
"1377580380","0.043"
"1377580440","0.037"
"1377580500","0.037"
"1377580560","0.077"
"1377580620","0.077"
"1377580680","0.067"
"1377580740","0.067"
"1377580800","0.081"
"1377580860","0.081"
"1377580920","0.109"
"1377580980","0.109"
"1377581040","0.096"
"1377581100","0.096"
"1377581160","0.072"
"1377581220","0.072"
"1377581280","0.064"
"1377581340","0.064"
"1377581400","0.111"
"1377581460","0.111"
"1377581520","0.13"
"1377581580","0.13"
"1377581640","0.038"
"1377581700","0.038"
"1377581760","0.027"
"1377581820","0.027"
"1377581880","0.024"
"1377581940","0.024"
"1377582000","0.031"
"1377582060","0.031"
"1377582120","0.037"
"1377582180","0.037"
"1377582240","0.034"
"1377582300","0.034"
"1377582360","0.053"
"1377582420","0.053"
"1377582480","0.039"
"1377582540","0.039"
"1377582600","0.045"
"1377582660","0.045"
"1377582720","0.092"
"1377582780","0.092"
"1377582840","0.111"
"1377582900","0.111"
"1377582960","0.092"
"1377583020","0.092"
"1377583080","0.085"
"1377583140","0.085"
"1377583200","0.043"
"1377583260","0.043"
"1377583320","0.039"
"1377583380","0.039"
"1377583440","0.038"
"1377583500","0.038"
"1377583560","0.043"
"1377583620","0.043"
"1377583680","0.041"
"1377583740","0.041"
"1377583800","0.047"
"1377583860","0.047"
"1377583920","0.038"
"1377583980","0.038"
"1377584040","0.048"
"1377584100","0.048"
"1377584160","0.045"
"1377584220","0.045"
"1377584280","0.035"
"1377584340","0.035"
"1377584400","0.053"
"1377584460","0.053"
"1377584520","0.047"
"1377584580","0.047"
"1377584640","0.042"
"1377584700","0.042"
"1377584760","0.033"
"1377584820","0.033"
"1377584880","0.052"
"1377584940","0.052"
"1377585000","0.051"
"1377585060","0.051"
"1377585120","0.031"
"1377585180","0.031"
"1377585240","0.025"
"1377585300","0.025"
"1377585360","0.031"
"1377585420","0.031"
"1377585480","0.039"
"1377585540","0.039"
"1377585600","0.032"
"1377585660","0.032"
"1377585720","0.028"
"1377585780","0.028"
"1377585840","0.025"
"1377585900","0.025"
"1377585960","0.025"
"1377586020","0.025"
"1377586080","0.021"
"1377586140","0.021"
"1377586200","0.016"
"1377586260","0.016"
"1377586320","0.021"
"1377586380","0.021"
"1377586440","0.026"
"1377586500","0.026"
"1377586560","0.029"
"1377586620","0.029"
"1377586680","0.041"
"1377586740","0.041"
"1377586800","0.038"
"1377586860","0.038"
"1377586920","0.04"
"1377586980","0.04"
"1377587040","0.042"
"1377587100","0.042"
"1377587160","0.048"
"1377587220","0.048"
"1377587280","0.03"
"1377587340","0.03"
"1377587400","0.028"
"1377587460","0.028"
"1377587520","0.033"
"1377587580","0.033"
"1377587640","0.028"
"1377587700","0.028"
"1377587760","0.034"
"1377587820","0.034"
"1377587880","0.031"
"1377587940","0.031"
"1377588000","0.034"
"1377588060","0.034"
"1377588120","0.039"
"1377588180","0.039"
"1377588240","0.046"
"1377588300","0.046"
"1377588360","0.054"
"1377588420","0.054"
"1377588480","0.047"
"1377588540","0.047"
"1377588600","0.049"
"1377588660","0.049"
"1377588720","0.044"
"1377588780","0.044"
"1377588840","0.04"
"1377588900","0.04"
"1377588960","0.036"
"1377589020","0.036"
"1377589080","0.031"
"1377589140","0.031"
"1377589200","0.029"
"1377589260","0.029"
"1377589320","0.041"
"1377589380","0.041"
"1377589440","0.032"
"1377589500","0.032"
"1377589560","0.027"
"1377589620","0.027"
"1377589680","0.036"
"1377589740","0.036"
"1377589800","0.052"
"1377589860","0.052"
"1377589920","0.086"
"1377589980","0.086"
"1377590040","0.052"
"1377590100","0.052"
"1377590160","0.034"
"1377590220","0.034"
"1377590280","0.047"
"1377590340","0.047"
"1377590400","0.061"
"1377590460","0.061"
"1377590520","0.066"
"1377590580","0.066"
"1377590640","0.056"
"1377590700","0.056"
"1377590760","0.065"
"1377590820","0.065"
"1377590880","0.091"
"1377590940","0.091"
"1377591000","0.094"
"1377591060","0.094"
"1377591120","0.052"
"1377591180","0.052"
"1377591240","0.028"
"1377591300","0.028"
"1377591360","0.02"
"1377591420","0.02"
"1377591480","0.03"
"1377591540","0.03"
"1377591600","0.03"
"1377591660","0.03"
"1377591720","0.021"
"1377591780","0.021"
"1377591840","0.025"
"1377591900","0.025"
"1377591960","0.018"
"1377592020","0.018"
"1377592080","0.018"
"1377592140","0.018"
"1377592200","0.02"
"1377592260","0.02"
"1377592320","0.025"
"1377592380","0.025"
"1377592440","0.034"
"1377592500","0.034"
"1377592560","0.044"
"1377592620","0.044"
"1377592680","0.038"
"1377592740","0.038"
"1377592800","0.051"
"1377592860","0.051"
"1377592920","0.042"
"1377592980","0.042"
"1377593040","0.03"
"1377593100","0.03"
"1377593160","0.026"
"1377593220","0.026"
"1377593280","0.024"
"1377593340","0.024"
"1377593400","0.031"
"1377593460","0.031"
"1377593520","0.052"
"1377593580","0.052"
"1377593640","0.049"
"1377593700","0.049"
"1377593760","0.048"
"1377593820","0.048"
"1377593880","0.053"
"1377593940","0.053"
"1377594000","0.058"
"1377594060","0.058"
"1377594120","0.06"
"1377594180","0.06"
"1377594240","0.055"
"1377594300","0.055"
"1377594360","0.041"
"1377594420","0.041"
"1377594480","0.034"
"1377594540","0.034"
"1377594600","0.034"
"1377594660","0.034"
"1377594720","0.022"
"1377594780","0.022"
"1377594840","0.036"
"1377594900","0.036"
"1377594960","0.029"
"1377595020","0.029"
"1377595080","0.026"
"1377595140","0.026"
"1377595200","0.024"
"1377595260","0.024"
"1377595320","0.074"
"1377595380","0.074"
"1377595440","0.039"
"1377595500","0.039"
"1377595560","0.014"
"1377595620","0.014"
"1377595680","0.023"
"1377595740","0.023"
"1377595800","0.023"
"1377595860","0.023"
"1377595920","0.019"
"1377595980","0.019"
"1377596040","0.024"
"1377596100","0.024"
"1377596160","0.024"
"1377596220","0.024"
"1377596280","0.034"
"1377596340","0.034"
"1377596400","0.046"
"1377596460","0.046"
"1377596520","0.06"
"1377596580","0.06"
"1377596640","0.06"
"1377596700","0.06"
"1377596760","0.063"
"1377596820","0.063"
"1377596880","0.041"
"1377596940","0.041"
"1377597000","0.041"
"1377597060","0.041"
"1377597120","0.04"
"1377597180","0.04"
"1377597240","0.043"
"1377597300","0.043"
"1377597360","0.072"
"1377597420","0.072"
"1377597480","0.076"
"1377597540","0.076"
"1377597600","0.059"
"1377597660","0.059"
"1377597720","0.046"
"1377597780","0.046"
"1377597840","0.035"
"1377597900","0.035"
"1377597960","0.028"
"1377598020","0.028"
"1377598080","0.023"
"1377598140","0.023"
"1377598200","0.029"
"1377598260","0.029"
"1377598320","0.034"
"1377598380","0.034"
"1377598440","0.034"
"1377598500","0.034"
"1377598560","0.05"
"1377598620","0.05"
"1377598680","0.028"
"1377598740","0.028"
"1377598800","0.034"
"1377598860","0.034"
"1377598920","0.036"
"1377598980","0.036"
"1377599040","0.029"
"1377599100","0.029"
"1377599160","0.026"
"1377599220","0.026"
"1377599280","0.028"
"1377599340","0.028"
"1377599400","0.044"
"1377599460","0.044"
"1377599520","0.045"
"1377599580","0.045"
"1377599640","0.051"
"1377599700","0.051"
"1377599760","0.048"
"1377599820","0.048"
"1377599880","0.026"
"1377599940","0.026"
"1377600000","0.022"
"1377600060","0.022"
"1377600120","0.016"
"1377600180","0.016"
"1377600240","0.014"
"1377600300","0.014"
"1377600360","0.022"
"1377600420","0.022"
"1377600480","0.024"
"1377600540","0.024"
"1377600600","0.019"
"1377600660","0.019"
"1377600720","0.014"
"1377600780","0.014"
"1377600840","0.011"
"1377600900","0.011"
"1377600960","0.023"
"1377601020","0.023"
"1377601080","0.018"
"1377601140","0.018"
"1377601200","0.024"
"1377601260","0.024"
"1377601320","0.019"
"1377601380","0.019"
"1377601440","0.017"
"1377601500","0.017"
"1377601560","0.015"
"1377601620","0.015"
"1377601680","0.018"
"1377601740","0.018"
"1377601800","0.016"
"1377601860","0.016"
"1377601920","0.007"
"1377601980","0.007"
"1377636120","0.13"
"1377636180","0.13"
"1377636300","0.113"
"1377636360","0.107"
"1377636420","0.107"
"1377636480","0.106"
"1377636540","0.106"
"1377636600","0.12"
"1377636660","0.12"
"1377636720","0.134"
"1377636780","0.134"
"1377636840","0.143"
"1377636900","0.143"
"1377636960","0.136"
"1377637020","0.136"
"1377637080","0.122"
"1377637140","0.122"
"1377637200","0.125"
"1377637260","0.125"
"1377637320","0.161"
"1377637380","0.161"
"1377637440","0.15"
"1377637500","0.15"
"1377637560","0.143"
"1377637680","0.152"
"1377637740","0.152"
"1377637800","0.148"
"1377637860","0.148"
"1377637920","0.149"
"1377637980","0.149"
"1377638040","0.158"
"1377638100","0.158"
"1377638160","0.159"
"1377638220","0.159"
"1377638280","0.188"
"1377638340","0.188"
"1377638400","0.205"
"1377638460","0.205"
"1377638520","0.205"
"1377638580","0.205"
"1377638640","0.202"
"1377638700","0.202"
"1377638760","0.204"
"1377638820","0.204"
"1377638880","0.229"
"1377638940","0.229"
"1377639000","0.226"
"1377639060","0.226"
"1377639120","0.229"
"1377639180","0.229"
"1377639240","0.27"
"1377639300","0.27"
"1377639360","0.235"
"1377639420","0.235"
"1377643080","0.242"
"1377643140","0.242"
"1377643200","0.246"
"1377643260","0.246"
"1377643320","0.269"
"1377643380","0.269"
"1377643440","0.283"
"1377643500","0.283"
"1377643560","0.343"
"1377643620","0.343"
"1377643680","0.355"
"1377643740","0.355"
"1377643800","0.354"
"1377643860","0.354"
"1377643920","0.35"
"1377643980","0.35"
"1377644040","0.361"
"1377644100","0.361"
"1377644160","0.371"
"1377644220","0.371"
"1377644280","0.341"
"1377644340","0.341"
"1377644400","0.354"
"1377644460","0.354"
"1377644520","0.336"
"1377644580","0.336"
"1377644640","0.318"
"1377644700","0.318"
"1377644760","0.325"
"1377644820","0.325"
"1377644880","0.311"
"1377644940","0.311"
"1377645000","0.305"
"1377645060","0.305"
"1377645120","0.362"
"1377645180","0.362"
"1377658860","0.222"
"1377658920","0.226"
"1377658980","0.226"
"1377659040","0.248"
"1377659100","0.248"
"1377659160","0.276"
"1377659220","0.276"
"1377659280","0.275"
"1377659340","0.275"
"1377659400","0.243"
"1377659460","0.243"
"1377659520","0.217"
"1377659580","0.217"
"1377659640","0.257"
"1377659700","0.257"
"1377659760","0.216"
"1377659820","0.216"
"1377659880","0.219"
"1377659940","0.219"
"1377660000","0.224"
"1377660060","0.224"
"1377660120","0.169"
"1377660180","0.169"
"1377660240","0.191"
"1377660300","0.191"
"1377660360","0.162"
"1377660420","0.162"
"1377660480","0.155"
"1377660540","0.155"
"1377660600","0.163"
"1377660660","0.163"
"1377660720","0.225"
"1377660780","0.225"
"1377660840","0.205"
"1377660900","0.205"
"1377660960","0.109"
"1377661020","0.109"
"1377661080","0.072"
"1377661140","0.072"
"1377661200","0.077"
"1377661260","0.077"
"1377661320","0.08"
"1377661380","0.08"
"1377661440","0.091"
"1377661500","0.091"
"1377661560","0.092"
"1377661620","0.092"
"1377661680","0.082"
"1377661740","0.082"
"1377661800","0.092"
"1377661860","0.092"
"1377661920","0.074"
"1377661980","0.074"
"1377662040","0.05"
"1377662100","0.05"
"1377662160","0.054"
"1377662220","0.054"
"1377662280","0.068"
"1377662340","0.068"
"1377662400","0.118"
"1377662460","0.118"
"1377662520","0.087"
"1377662580","0.087"
"1377662640","0.06"
"1377662700","0.06"
"1377662760","0.058"
"1377662820","0.058"
"1377662880","0.027"
"1377662940","0.027"
"1377663000","0.035"
"1377663060","0.035"
"1377663120","0.072"
"1377663180","0.072"
"1377663240","0.042"
"1377663300","0.042"
"1377663360","0.043"
"1377663420","0.043"
"1377663480","0.056"
"1377663540","0.056"
"1377663600","0.057"
"1377663660","0.057"
"1377663720","0.032"
"1377663780","0.032"
"1377663840","0.027"
"1377663900","0.027"
"1377663960","0.052"
"1377664020","0.052"
"1377664080","0.024"
"1377664140","0.024"
"1377664200","0.027"
"1377664260","0.027"
"1377664320","0.016"
"1377664380","0.016"
"1377664440","0.036"
"1377664500","0.036"
"1377664560","0.022"
"1377664620","0.022"
"1377664680","0.02"
"1377664740","0.02"
"1377664800","0.022"
"1377664860","0.022"
"1377664920","0.025"
"1377664980","0.025"
"1377665040","0.03"
"1377665100","0.03"
"1377665160","0.052"
"1377665220","0.052"
"1377665280","0.236"
"1377665340","0.236"
"1377665400","0.212"
"1377665460","0.212"
"1377665520","0.146"
"1377665580","0.146"
"1377665640","0.109"
"1377665700","0.109"
"1377665760","0.111"
"1377665820","0.111"
"1377665880","0.08"
"1377665940","0.08"
"1377666000","0.033"
"1377666060","0.033"
"1377666120","0.073"
"1377666180","0.073"
"1377666240","0.039"
"1377666300","0.039"
"1377666360","0.037"
"1377666420","0.037"
"1377666480","0.055"
"1377666540","0.055"
"1377666600","0.056"
"1377666660","0.056"
"1377666720","0.046"
"1377666780","0.046"
"1377666840","0.101"
"1377666900","0.101"
"1377666960","0.068"
"1377667020","0.068"
"1377667080","0.044"
"1377667140","0.044"
"1377667200","0.05"
"1377667260","0.05"
"1377667320","0.047"
"1377667380","0.047"
"1377667440","0.047"
"1377667500","0.047"
"1377667560","0.051"
"1377667620","0.051"
"1377667680","0.031"
"1377667740","0.031"
"1377667800","0.029"
"1377667860","0.029"
"1377667920","0.024"
"1377667980","0.024"
"1377668040","0.029"
"1377668100","0.029"
"1377668160","0.214"
"1377668220","0.214"
"1377668280","0.4"
"1377668340","0.4"
"1377668400","0.629"
"1377668460","0.629"
"1377668520","0.553"
"1377668580","0.553"
"1377668640","0.087"
"1377668700","0.087"
"1377668760","0.038"
"1377668820","0.038"
"1377668880","0.025"
"1377668940","0.025"
"1377669000","0.029"
"1377669060","0.029"
"1377669120","0.044"
"1377669180","0.044"
"1377669240","0.047"
"1377669300","0.047"
"1377669360","0.052"
"1377669420","0.052"
"1377669480","0.036"
"1377669540","0.036"
"1377669600","0.041"
"1377669660","0.041"
"1377669720","0.026"
"1377669780","0.026"
"1377669840","0.053"
"1377669900","0.053"
"1377669960","0.048"
"1377670020","0.048"
"1377670080","0.039"
"1377670140","0.039"
"1377670200","0.053"
"1377670260","0.053"
"1377670320","0.043"
"1377670380","0.043"
"1377670440","0.043"
"1377670500","0.043"
"1377670560","0.188"
"1377670620","0.188"
"1377670680","0.132"
"1377670740","0.132"
"1377670800","0.058"
"1377670860","0.058"
"1377670920","0.042"
"1377670980","0.042"
"1377671040","0.025"
"1377671100","0.025"
"1377671160","0.023"
"1377671220","0.023"
"1377671280","0.031"
"1377671340","0.031"
"1377671400","0.033"
"1377671460","0.033"
"1377671520","0.026"
"1377671580","0.026"
"1377671640","0.012"
"1377671700","0.012"
"1377671760","0.017"
"1377671820","0.017"
"1377671880","0.02"
"1377671940","0.02"
"1377672000","0.018"
"1377672060","0.018"
"1377672120","0.036"
"1377672180","0.036"
"1377672240","0.02"
"1377672300","0.02"
"1377672360","0.034"
"1377672420","0.034"
"1377672480","0.025"
"1377672540","0.025"
"1377672600","0.017"
"1377672660","0.017"
"1377672720","0.023"
"1377672780","0.023"
"1377672840","0.026"
"1377672900","0.026"
"1377672960","0.026"
"1377673020","0.026"
"1377673080","0.018"
"1377673140","0.018"
"1377673200","0.04"
"1377673260","0.04"
"1377673320","0.043"
"1377673380","0.043"
"1377673440","0.034"
"1377673500","0.034"
"1377673560","0.03"
"1377673620","0.03"
"1377673680","0.033"
"1377673740","0.033"
"1377673800","0.016"
"1377673860","0.016"
"1377673920","0.029"
"1377673980","0.029"
"1377674040","0.026"
"1377674100","0.026"
"1377674160","0.03"
"1377674220","0.03"
"1377674280","0.048"
"1377674340","0.048"
"1377674400","0.049"
"1377674460","0.049"
"1377674520","0.038"
"1377674580","0.038"
"1377674640","0.032"
"1377674700","0.032"
"1377674760","0.028"
"1377674820","0.028"
"1377674880","0.023"
"1377674940","0.023"
"1377675000","0.015"
"1377675060","0.015"
"1377675120","0.015"
"1377675180","0.015"
"1377675240","0.017"
"1377675300","0.017"
"1377675360","0.019"
"1377675420","0.019"
"1377675480","0.009"
"1377675540","0.009"
"1377675600","0.01"
"1377675660","0.01"
"1377675720","0.01"
"1377675780","0.01"
"1377675840","0.01"
"1377675900","0.01"
"1377675960","0.011"
"1377676020","0.011"
"1377676080","0.011"
"1377676140","0.011"
"1377676200","0.013"
"1377676260","0.013"
"1377676320","0.011"
"1377676380","0.011"
"1377676440","0.015"
"1377676500","0.015"
"1377676560","0.014"
"1377676620","0.014"
"1377676680","0.007"
"1377676740","0.007"
"1377676800","0.009"
"1377676860","0.009"
"1377676920","0.017"
"1377676980","0.017"
"1377677040","0.012"
"1377677100","0.012"
"1377677160","0.013"
"1377677220","0.013"
"1377677280","0.012"
"1377677340","0.012"
"1377677400","0.013"
"1377677460","0.013"
"1377677520","0.012"
"1377677580","0.012"
"1377677640","0.01"
"1377677700","0.01"
"1377677760","0.014"
"1377677820","0.014"
"1377677880","0.007"
"1377677940","0.007"
"1377678000","0.008"
"1377678060","0.008"
"1377678120","0.015"
"1377678180","0.015"
"1377678240","0.023"
"1377678300","0.023"
"1377678360","0.024"
"1377678420","0.024"
"1377678480","0.052"
"1377678540","0.052"
"1377678600","0.059"
"1377678660","0.059"
"1377678720","0.058"
"1377678780","0.058"
"1377678840","0.033"
"1377678900","0.033"
"1377678960","0.025"
"1377679020","0.025"
"1377679080","0.012"
"1377679140","0.012"
"1377679200","0.009"
"1377679260","0.009"
"1377679320","0.017"
"1377679380","0.017"
"1377679440","0.017"
"1377679500","0.017"
"1377679560","0.013"
"1377679620","0.013"
"1377679680","0.014"
"1377679740","0.014"
"1377679800","0.009"
"1377679860","0.009"
"1377679920","0.012"
"1377679980","0.012"
"1377680040","0.018"
"1377680100","0.018"
"1377680160","0.012"
"1377680220","0.012"
"1377680280","0.01"
"1377680340","0.01"
"1377680400","0.014"
"1377680460","0.014"
"1377680520","0.017"
"1377680580","0.017"
"1377680640","0.012"
"1377680700","0.012"
"1377680760","0.007"
"1377680820","0.007"
"1377680880","0.006"
"1377680940","0.006"
"1377681000","0.009"
"1377681060","0.009"
"1377681120","0.011"
"1377681180","0.011"
"1377681240","0.015"
"1377681300","0.015"
"1377681360","0.01"
"1377681420","0.01"
"1377681480","0.01"
"1377681540","0.01"
"1377681600","0.015"
"1377681660","0.015"
"1377681720","0.023"
"1377681780","0.023"
"1377681840","0.018"
"1377681900","0.018"
"1377681960","0.013"
"1377682020","0.013"
"1377682080","0.012"
"1377682140","0.012"
"1377682200","0.014"
"1377682260","0.014"
"1377682320","0.011"
"1377682380","0.011"
"1377682440","0.009"
"1377682500","0.009"
"1377682560","0.013"
"1377682620","0.013"
"1377682680","0.014"
"1377682740","0.014"
"1377682800","0.01"
"1377682860","0.01"
"1377682920","0.009"
"1377682980","0.009"
"1377683040","0.011"
"1377683100","0.011"
"1377683160","0.009"
"1377683220","0.009"
"1377683280","0.013"
"1377683340","0.013"
"1377683400","0.006"
"1377683460","0.006"
"1377683520","0.005"
"1377683580","0.005"
"1377683640","0.007"
"1377683700","0.007"
"1377683760","0.012"
"1377683820","0.012"
"1377683880","0.004"
"1377683940","0.004"
"1377684000","0.002"
"1377684060","0.002"
"1377684120","0.003"
"1377684180","0.003"
"1377684240","0.003"
"1377684300","0.003"
"1377684360","0.002"
"1377684420","0.002"
"1377684480","0.002"
"1377684540","0.002"
"1377684600","0.003"
"1377684660","0.003"
"1377684720","0.002"
"1377684780","0.002"
"1377684840","0.003"
"1377684900","0.003"
"1377684960","0.002"
"1377685020","0.002"
"1377685080","0.002"
"1377685140","0.002"
"1377685200","0.002"
"1377685260","0.002"
"1377685320","0.003"
"1377685380","0.003"
"1377685440","0.002"
"1377685500","0.002"
"1377685560","0.001"
"1377685620","0.001"
"1377685680","0.003"
"1377685740","0.003"
"1377685800","0.001"
"1377685860","0.001"
"1377685920","0.005"
"1377685980","0.005"
"1377686040","0.002"
"1377686100","0.002"
"1377686160","0.002"
"1377686220","0.002"
"1377686280","0.003"
"1377686340","0.003"
"1377686400","0.002"
"1377686460","0.002"
"1377686520","0.002"
"1377686580","0.002"
"1377686640","0.003"
"1377686700","0.003"
"1377686760","0.006"
"1377686820","0.006"
"1377686880","0.024"
"1377686940","0.024"
"1377687000","0.005"
"1377687060","0.005"
"1377687120","0.008"
"1377687180","0.008"
"1377687240","0.005"
"1377687300","0.005"
"1377687360","0.004"
"1377687420","0.004"
"1377687480","0.004"
"1377687540","0.004"
"1377687600","0.006"
"1377687660","0.006"
"1377687720","0.004"
"1377687780","0.004"
"1377687840","0.004"
"1377687900","0.004"
"1377687960","0.003"
"1377688020","0.003"
"1377688080","0.029"
"1377688140","0.029"
"1377688200","0.028"
"1377688260","0.028"
"1377688320","0.006"
"1377688380","0.006"
"1377688500","0.005"
"1377688560","0.017"
"1377688620","0.017"
"1377688680","0.013"
"1377688740","0.013"
"1377688800","0.018"
"1377688860","0.018"
"1377688920","0.018"
"1377688980","0.018"
"1377689040","0.016"
"1377689100","0.016"
"1377689160","0.028"
"1377689220","0.028"
"1377689280","0.017"
"1377689340","0.017"
"1377689400","0.018"
"1377689460","0.018"
"1377689520","0.02"
"1377689580","0.02"
"1377689640","0.022"
"1377689700","0.022"
"1377689760","0.032"
"1377689820","0.032"
"1377689880","0.034"
"1377689940","0.034"
"1377690000","0.027"
"1377690060","0.027"
"1377690120","0.036"
"1377690180","0.036"
"1377690240","0.024"
"1377690300","0.024"
"1377690360","0.019"
"1377690420","0.019"
"1377690480","0.028"
"1377690540","0.028"
"1377690600","0.018"
"1377690660","0.018"
"1377690720","0.018"
"1377690780","0.018"
"1377690840","0.015"
"1377690900","0.015"
"1377690960","0.02"
"1377691020","0.02"
"1377691080","0.021"
"1377691140","0.021"
"1377691200","0.017"
"1377691260","0.017"
"1377691320","0.012"
"1377691380","0.012"
"1377691440","0.011"
"1377691500","0.011"
"1377691560","0.015"
"1377691620","0.015"
"1377691680","0.015"
"1377691740","0.015"
"1377691800","0.016"
"1377691860","0.016"
"1377691920","0.011"
"1377691980","0.011"
"1377692040","0.01"
"1377692100","0.01"
"1377692160","0.011"
"1377692220","0.011"
"1377692280","0.015"
"1377692340","0.015"
"1377692400","0.011"
"1377692460","0.011"
"1377692520","0.011"
"1377692580","0.011"
"1377692640","0.013"
"1377692700","0.013"
"1377692760","0.013"
"1377692820","0.013"
"1377692880","0.013"
"1377692940","0.013"
"1377693000","0.012"
"1377693060","0.012"
"1377693120","0.011"
"1377693180","0.011"
"1377693240","0.012"
"1377693300","0.012"
"1377693360","0.013"
"1377693420","0.013"
"1377693480","0.011"
"1377693540","0.011"
"1377693600","0.018"
"1377693660","0.018"
"1377693720","0.023"
"1377693780","0.023"
"1377693840","0.023"
"1377693900","0.023"
"1377693960","0.017"
"1377694020","0.017"
"1377694080","0.012"
"1377694140","0.012"
"1377694200","0.012"
"1377694260","0.012"
"1377694320","0.017"
"1377694380","0.017"
"1377694440","0.013"
"1377694500","0.013"
"1377694560","0.01"
"1377694620","0.01"
"1377694680","0.009"
"1377694740","0.009"
"1377694800","0.009"
"1377694860","0.009"
"1377694920","0.01"
"1377694980","0.01"
"1377695040","0.011"
"1377695100","0.011"
"1377695160","0.009"
"1377695220","0.009"
"1377695280","0.021"
"1377695340","0.021"
"1377695400","0.011"
"1377695460","0.011"
"1377695520","0.008"
"1377695580","0.008"
"1377695640","0.01"
"1377695700","0.01"
"1377695760","0.008"
"1377695820","0.008"
"1377695880","0.007"
"1377695940","0.007"
"1377696000","0.006"
"1377696060","0.006"
"1377696120","0.007"
"1377696180","0.007"
"1377696240","0.008"
"1377696300","0.008"
"1377696360","0.008"
"1377696420","0.008"
"1377696480","0.011"
"1377696540","0.011"
"1377696600","0.008"
"1377696660","0.008"
"1377696720","0.011"
"1377696780","0.011"
"1377696840","0.01"
"1377696900","0.01"
"1377696960","0.007"
"1377697020","0.007"
"1377697080","0.008"
"1377697140","0.008"
"1377697200","0.01"
"1377697260","0.01"
"1377697320","0.014"
"1377697380","0.014"
"1377697440","0.015"
"1377697500","0.015"
"1377697560","0.011"
"1377697620","0.011"
"1377697680","0.006"
"1377697740","0.006"
"1377697800","0.01"
"1377697860","0.01"
"1377697920","0.011"
"1377697980","0.011"
"1377698040","0.012"
"1377698100","0.012"
"1377698160","0.014"
"1377698220","0.014"
"1377698280","0.017"
"1377698340","0.017"
"1377698400","0.012"
"1377698460","0.012"
"1377698520","0.014"
"1377698580","0.014"
"1377698640","0.022"
"1377698700","0.022"
"1377698760","0.021"
"1377698820","0.021"
"1377698880","0.016"
"1377698940","0.016"
"1377699000","0.014"
"1377699060","0.014"
"1377699120","0.026"
"1377699180","0.026"
"1377699240","0.014"
"1377699300","0.014"
"1377699360","0.022"
"1377699420","0.022"
"1377699480","0.016"
"1377699540","0.016"
"1377699600","0.012"
"1377699660","0.012"
"1377699720","0.01"
"1377699780","0.01"
"1377699840","0.013"
"1377699900","0.013"
"1377699960","0.011"
"1377700020","0.011"
"1377700080","0.02"
"1377700140","0.02"
"1377700200","0.015"
"1377700260","0.015"
"1377700320","0.009"
"1377700380","0.009"
"1377700440","0.01"
"1377700500","0.01"
"1377700560","0.014"
"1377700620","0.014"
"1377700680","0.012"
"1377700740","0.012"
"1377700800","0.014"
"1377700860","0.014"
"1377700920","0.018"
"1377700980","0.018"
"1377701040","0.019"
"1377701100","0.019"
"1377701160","0.021"
"1377701220","0.021"
"1377701280","0.024"
"1377701340","0.024"
"1377701400","0.037"
"1377701460","0.037"
"1377701520","0.039"
"1377701580","0.039"
"1377701640","0.033"
"1377701700","0.033"
"1377701760","0.03"
"1377701820","0.03"
"1377701880","0.032"
"1377701940","0.032"
"1377702000","0.048"
"1377702060","0.048"
"1377702120","0.046"
"1377702180","0.046"
"1377702240","0.04"
"1377702300","0.04"
"1377702360","0.04"
"1377702420","0.04"
"1377702480","0.025"
"1377702540","0.025"
"1377702600","0.017"
"1377702660","0.017"
"1377702720","0.018"
"1377702780","0.018"
"1377702840","0.031"
"1377702900","0.031"
"1377702960","0.018"
"1377703020","0.018"
"1377703080","0.02"
"1377703140","0.02"
"1377703200","0.011"
"1377703260","0.011"
"1377703320","0.014"
"1377703380","0.014"
"1377703440","0.011"
"1377703500","0.011"
"1377703560","0.012"
"1377703620","0.012"
"1377703680","0.015"
"1377703740","0.015"
"1377703800","0.013"
"1377703860","0.013"
"1377703920","0.011"
"1377703980","0.011"
"1377704040","0.009"
"1377704100","0.009"
"1377704160","0.013"
"1377704220","0.013"
"1377704280","0.018"
"1377704340","0.018"
"1377704400","0.015"
"1377704460","0.015"
"1377704520","0.015"
"1377704580","0.015"
"1377704640","0.018"
"1377704700","0.018"
"1377704760","0.019"
"1377704820","0.019"
"1377704880","0.03"
"1377704940","0.03"
"1377705000","0.081"
"1377705060","0.081"
"1377705120","0.083"
"1377705180","0.083"
"1377705240","0.041"
"1377705300","0.041"
"1377705360","0.031"
"1377705420","0.031"
"1377705480","0.033"
"1377705540","0.033"
"1377705600","0.03"
"1377705660","0.03"
"1377705720","0.03"
"1377705780","0.03"
"1377705840","0.027"
"1377705900","0.027"
"1377705960","0.034"
"1377706020","0.034"
"1377706080","0.042"
"1377706140","0.042"
"1377706200","0.031"
"1377706260","0.031"
"1377706320","0.038"
"1377706380","0.038"
"1377706440","0.032"
"1377706500","0.032"
"1377706560","0.031"
"1377706620","0.031"
"1377706680","0.033"
"1377706740","0.033"
"1377706800","0.032"
"1377706860","0.032"
"1377706920","0.035"
"1377706980","0.035"
"1377707040","0.128"
"1377707100","0.128"
"1377707160","0.049"
"1377707220","0.049"
"1377707280","0.053"
"1377707340","0.053"
"1377707400","0.047"
"1377707460","0.047"
"1377707520","0.05"
"1377707580","0.05"
"1377707640","0.048"
"1377707700","0.048"
"1377707760","0.044"
"1377707820","0.044"
"1377707880","0.042"
"1377707940","0.042"
"1377708000","0.048"
"1377708060","0.048"
"1377708120","0.04"
"1377708180","0.04"
"1377708240","0.044"
"1377708300","0.044"
"1377708360","0.04"
"1377708420","0.04"
"1377708480","0.058"
"1377708540","0.058"
"1377708600","0.062"
"1377708660","0.062"
"1377708720","0.059"
"1377708780","0.059"
"1377708840","0.046"
"1377708900","0.046"
"1377708960","0.047"
"1377709020","0.047"
"1377709080","0.045"
"1377709140","0.045"
"1377709200","0.053"
"1377709260","0.053"
"1377709320","0.047"
"1377709380","0.047"
"1377709440","0.051"
"1377709500","0.051"
"1377709560","0.048"
"1377709620","0.048"
"1377709680","0.045"
"1377709740","0.045"
"1377709800","0.049"
"1377709860","0.049"
"1377709920","0.044"
"1377709980","0.044"
"1377710040","0.046"
"1377710100","0.046"
"1377710160","0.041"
"1377710220","0.041"
"1377710280","0.043"
"1377710340","0.043"
"1377710400","0.053"
"1377710460","0.053"
"1377710520","3.46"
"1377710580","3.46"
"1377710640","0.064"
"1377710700","0.064"
"1377710760","0.061"
"1377710820","0.061"
"1377710880","0.072"
"1377710940","0.072"
"1377711000","0.075"
"1377711060","0.075"
"1377711120","0.069"
"1377711180","0.069"
"1377711240","4.81"
"1377711300","4.81"
"1377711360","2.39"
"1377711420","2.39"
"1377711480","0.701"
"1377711540","0.701"
"1377711600","0.452"
"1377711660","0.452"
"1377711720","0.336"
"1377711780","0.336"
"1377711840","0.273"
"1377711900","0.273"
"1377711960","0.259"
"1377712020","0.259"
"1377712080","0.631"
"1377712140","0.631"
"1377712200","0.926"
"1377712260","0.926"
"1377712320","0.264"
"1377712380","0.264"
"1377712440","0.193"
"1377712500","0.193"
"1377712560","0.19"
"1377712620","0.19"
"1377712680","0.196"
"1377712740","0.196"
"1377712800","0.173"
"1377712860","0.173"
"1377712920","0.155"
"1377712980","0.155"
"1377713040","0.154"
"1377713100","0.154"
"1377713160","0.145"
"1377713220","0.145"
"1377713280","0.147"
"1377713340","0.147"
"1377713400","0.142"
"1377713460","0.142"
"1377713520","0.143"
"1377713580","0.143"
"1377713640","0.14"
"1377713700","0.14"
"1377713760","0.151"
"1377713820","0.151"
"1377713880","0.222"
"1377713940","0.222"
"1377714000","0.193"
"1377714060","0.193"
"1377714120","0.164"
"1377714180","0.164"
"1377714240","0.162"
"1377714300","0.162"
"1377714360","0.151"
"1377714420","0.151"
"1377714480","0.148"
"1377714540","0.148"
"1377714600","0.155"
"1377714660","0.155"
"1377714720","0.15"
"1377714780","0.15"
"1377714840","0.152"
"1377714900","0.152"
"1377714960","0.143"
"1377715020","0.143"
"1377715080","0.142"
"1377715140","0.142"
"1377715200","0.15"
"1377715260","0.15"
"1377715320","0.156"
"1377715380","0.156"
"1377715440","0.15"
"1377715500","0.15"
"1377715560","0.155"
"1377715620","0.155"
"1377715680","0.152"
"1377715740","0.152"
"1377715800","0.148"
"1377715860","0.148"
"1377715920","0.15"
"1377715980","0.15"
"1377716040","0.153"
"1377716100","0.153"
"1377716160","0.155"
"1377716220","0.155"
"1377716280","0.175"
"1377716340","0.175"
"1377716400","0.174"
"1377716460","0.174"
"1377716760","0.166"
"1377716820","0.166"
"1377716880","0.171"
"1377716940","0.171"
"1377717000","0.166"
"1377717060","0.166"
"1377717120","0.167"
"1377717180","0.167"
"1377717240","0.165"
"1377717300","0.165"
"1377717360","0.165"
